file_id,voice,text,source_paragraph_id,source_index
ardi001,ardi,"Yewe hale'-hale'e irita lalengna foto yero nafengre'e Annisa, sibawa Ani, Benena Agus yero tampil i fake kaing batik cello cella' sibawa kebaja' fute wettunna hadere' upacara pengre' bendera esso kemerdekaan RI beberapa taung laloe.",paragraph_001,120681
ardi002,ardi,"Sayangna, yewe taungnge irayakan Alleppereng sumpulolo SBY silengengni dessa gaga Ani.",paragraph_001,120681
ardi003,ardi,Makkungrai aseng aslinna Kristiani yero tutu' umuru' furana iteppu malasa kanker darah.,paragraph_001,120681
ardi004,ardi,"Namu Gareja Katolik mappunnai seddi doktring pura idefinisikang secara dogmatis ri dosa assaleng, naekiyya de naripannessa passaleng nasi’na ana’lolo-ana’loloe iyya depa ibaptis; para teolo’ yaleng abebasakeng untu’ musulkangngi maega teori sihubunganna iyyae passalengnge, magisterium Gereja bebasa’to untu’ matterima iyyare’ga tola’i.",paragraph_002,56065
ardi005,ardi,Kuburu tuhan Yesus Kristus sedang dibukka.,paragraph_003,13763
ardi006,ardi,Untu' pertamakalinya eddi mancaji di Yerusalem ketika mereka meluncurkan marmer kuburu tuhan Yesus.,paragraph_003,13763
ardi007,ardi,Saddang sangkakala diangkalinga na ellung mabbentu lingkaran.,paragraph_003,13763
ardi008,ardi,"Puji tuhan, fenomena yang dena naulle dijelaskang ancaji esso eddu di Israel, like pelik tafi tuju.",paragraph_003,13763
ardi009,ardi,"Melona siolong Sang Khalik Maha Pencipta, Kristiani Herawati Yudhoyono iyaregga irisseng Ani Yudhoyono, nasalei fappaseng secara husus lao kader sibawa fangurusu'na Partai Demokrat yero alena fatettongngi sibawa nafaloppoi.",paragraph_004,14166
ardi010,ardi,"Farellong faccappurengna Ani Yudhoyono yero mabbentu' fappaseng nafalettu' akki Kepala Divisi Komunikasi DPP Demokrat, Imelda Sari lalo pesang fonco' akki megae grup WhatsApp fangurusu' DPP Demokrat.",paragraph_004,14166
ardi012,ardi,"Purana yamaneng pemimpin keagamaan, politik,sibawa sosial mattama Kristen, cumpai tanggapan matedde pole maega tau, iyae makkibbu Ranavalona mancaji tappede mengkhawatirkan dampak Kekristenan terhadap politik sibawa budaya Madagaskar, sibawa alena tona merasa makkeda agama iyero makkibbu rakyat Madagaskar berpaling pole nenek moyang sibawa tradisi iyero.",paragraph_006,122442
ardi016,ardi,"Papile Cerasi ku uluna Pengangkatan Tubuh iyya yita manessa, naiyya uluna Santo Paulus na Santo Petrus iyyanaritu untu' makkai dua Rasul iyya punnai akkeguna parellu lanre ku lalengna Gereja Katolik Roma, padae iyyato mega missengi mancaji uluna kedonge kontra-reformasi iyya asilaingena iman na kemartiran.",paragraph_010,15760
ardi017,ardi,"Ku manessae, tabel-tabel kanon, naiyya gambara-gambara paroki Injil, parellu lanre laleng studi alopponge oki naskah ku periode Abad Patengang Pamulang, ku tegi iyyami cedde naskah iyya ipatahangi, na naskah iyya lebbi riolo matama' lebbi cedde gambara' naiyya naskah pole periode matuna.",paragraph_011,13038
ardi018,ardi,"Narekko provinsi iye miskin sibawa idi materru runtui stigma majae, padae bawang hinaan ero rituju lao ri Tuhan.",paragraph_012,120746
ardi019,ardi,"ero battuangna idi mebbere beban Tuhan, tandasna.",paragraph_012,120746
ardi020,ardi,Laonimai idi mengurangngi beban Tuhan sibawa najamai potensi iyae riwerengngi Tuhan lao ri idi sibawa madeceng.,paragraph_012,120746
ardi021,ardi,"Minimal idi dek paimeng riteppu sebagai provinsi miskin, provinsi macarepa, nasaba memang gereja sibawa pamarentah sama-sama majjama sibawa untu naatasi, tutupna.",paragraph_012,120746
ardi022,ardi,"Nazaret, kotaNazareth, kota onrong Yesus atau Nabi Isa Almasih nacappuri masa ana-ana, taung eddi merayakang Natal.",paragraph_013,105289
ardi023,ardi,"Wali Kota Nazareth Ali Salam, nabatalkang seluruh rangkaian Perayaang Natal, sebagai protes atau keputusang Presideng Amerika serikat Donald Trump yang manggaku Yerusalem sebagai Ibu Kota Israel.",paragraph_013,105289
ardi024,ardi,"Kota aro elo mafatuo Pohon Natal, tafi dena menggelar perayaan apapun.",paragraph_013,105289
ardi025,ardi,Alena lao sibawa siare surona gereja'e nennia ade'e untu' mappasadia surona Papua iyae matu engka ri upacara penobatanna Jokowi.,paragraph_014,38415
ardi026,ardi,"Nasaba' sukkuru'i nasaba' naalle Jokowi, naissenni alena waji'i massempajang lao ri Jokowi mancaji presiden terpilih narimakkuannanaro naullei pimpingngi Indonesia sibawa madeceng, naiyya nabarakkakiwi Jokowi.",paragraph_014,38415
ardi027,ardi,"Ri lalenna iyyaro bobbo’ e, engka paragraph iyya nateppui makkeda sila pammulanna Pancasila iyanaritu Ketuhanan Yang Maha Esa nennia rilambangkang i sibawa sewwa biccuing ulaweng massudu’ lima.",paragraph_015,10418
ardi028,ardi,"Iyyae sila e nabettuangi agama-agama maraja e ri Indonesia, iyanaritu Islam, Kristen, Buddha, Hindu, sibawa Ideologi Sekuler Sosialisme.",paragraph_015,10418
ardi029,ardi,"Kanon Katolik Roma sibawa Gereja-gereja Timur nacakup kitab-kitab yaro laesebbu deuterokanonika, yaro kega kewibawaanna laetentang okko Akiba ben Yusuf silaleng na perkembangan kanon Ibrani okko abad pertama; namo rekeng Akiba meto de' na natentang lae pake na pribadi kitab-kitab yaro sebagaimana alena meto biasa napake Kitab Sirakh.",paragraph_016,83331
ardi031,ardi,Kitab Musa yanaritu syatatan iyae lebbi lengkap fassaleng uki-uki Musa ri awal kitab Kejadian laleng Accanjingeng Itta.,paragraph_018,52972
ardi032,ardi,"Kitab Musa mallise maega doktrin na aggurung iyae tabbe fole Alkitab na mabbere informasi tambahan fassaleng rencana keselamatan, penciptaan bumi serta urusan-urusan Tuhan silong Adam na Henokh.",paragraph_018,52972
ardi034,ardi,"Alena mebbu kritik yaro matareng lokka prasangka-prasangka yaro makkokkoe muncul tentang keuntungan-keuntungan yaro riabbereang lokka manusia pole gereja, negara na distribusi harta punna yaro engkae, na pole aggurung-aggurung Yesus alena nasimpulkan atoran untuk de'na mewa na kutukan mutlak lokka yamaneng perang.",paragraph_020,126421
ardi037,ardi,"Seddi apologet kristen na filsuf Alvin Plantinga iyae maddukung teori perancangan macca maformulasikan ulang argumen denanamungkin eddi sebage argumen evolusioner mabbali naturalisme, iya nanyatakan makkedda iyaro dena rasional untu mattolak keberadaan perancang macca na supernatural nasabari kemungkinan kemampuan mattentu tabbentu liwa syidaha.",paragraph_023,127761
ardi039,ardi,Upacara pembaptisan ana-ana ki gereja Lutheran Upacara pengakuan dosa ki Gereja Katolik Ukraina Perayaan Ekaristi ki gereja Metodis Upacara pagala'i ki gereja Anglikan Upacara pentahbisan imang ki Gereja Ortodoks Rialau Pemahkotaan mempelai rilaleng upacara botting ri Gereja Katolik Suriah Malabar Upacara pengurapan tau malasa ri Esso Raba' Mapaccing.,paragraph_025,34003
ardi040,ardi,"Istilah aro syau lessi difake laleng Gereja Ortodoks Timur na Gereja Katolik Timur na terkadang iyaro analog fole monsinyur laleng Gereja Katolik, tafi laleng Gereja-Gereja Timur, seddi imam agung mappake jubah tambahan na seddi salib pektoral na kadang diakka molai seddi upacara liturgi.",paragraph_026,23201
ardi043,ardi,"Tau iya palettu' kareba, harusu' napalettu' kareba pole Allah; tau iya layani tau laing e, harusu' nalayani sibawa agalakeng iya pole we Allah, bara' ilaleng siningna gau' e, Allah wedding iagungkan lalo Yesus Kristus.",paragraph_029,118321
ardi044,ardi,Alena makkuasa na wedding ipakaraja untu' silampe'na etta.,paragraph_029,118321
ardi045,ardi,"Kehormatan pengurapan sibawa parfum yanaro tindakan yaro sangi' riteppu laleng literatur lainge pole yaro masae; ne, mappake gemme lampe' untuk rakkoi aje Yesus, mappada laleng Injil Yohanes na Lukas, de'na ricatat ri onrong lainge, na parellu rianggap sebagai tindakan yaro istimewa.",paragraph_030,92081
ardi046,ardi,"Namuni engka sadda-sadda laleng Dewan Signoria Venesia ye iyusulkang nare' pulau yero iyaleng sibawa passullenna  wilayah ri Dalmatia nennia hak-hak dangkang istimewa, harapang elo' engkana  bantuang pole negara-negara Kristen lainna napancaji Venesia maloppo ulu, nennia ultimatum Utsmaniyah to itola' mentah-mentah.",paragraph_031,13188
ardi047,ardi,"Hebraisme, sippada Helenisme, ianaritu salah seddi faktor pongpenting laleng perkembangan peradaban Dunia Barat; agama Yahudi, mancaji paddiolona pole agama Kristen, secara de' na langsung maega mabbere sumbangan lao akkibukeng nilai-nilai luhur sibawa akhlak bangsa-bangsa Barat sipongenna agama Kristen tattale' maloang ri puttanang Eropa.",paragraph_032,65272
ardi048,ardi,"Ku wettu Borgias, yarega wettu ku tegi silesurengna Borgia kuasai kepemimpinan Gereja, perang ku Italia mamula malanre ku tegi tentara-tentara nawajae Swiss mancaji pasukan garisi yolo tette untu' faksi-faksi iyya siewa - maderi untu' Prancis na maderi untu' taua Gereja yarega Kekaisaran Romawi Suci.",paragraph_033,93044
ardi049,ardi,"Jurnal penelaahan sejawat New Testament Studies iyya ipassu ku Cambridge University Press, paui agaga padangena iyya manessa ku agaga-agagana iyya terangkangi tanrangna alena na jamang Parakletos, sibawa aga iyya pura dinubuatkan untu' umat Kristen, iyyanaro nubuat iyya nacaritai Parakletos mancaji paberena Roh Kudus pasca-Paskah.",paragraph_034,111711
ardi050,ardi,"Naikiya nasaba' iyaro Allah namasei ka, bara' Kristus Yesus wedding nappitang siningna asabbarakeng-Na akku iya', tau iya paling madosa e he.",paragraph_035,38419
ardi051,ardi,Na iyahe mancajiwi seddi contoh untu' siningna tau e matu' melo' mateppe' akku-Alena na naruntu' tuo sejati na pulana,paragraph_035,38419
ardi053,ardi,"Agama Kristeng itentang ri laleng maega peristiwa iyya berhubungangnge pole assi antiklerikalisme bawang lettu' alluangeng assi kekerasang pappadanna assi dekristenisasi riwettu mattengnganna Revolusi Prancis, Ammusureng Rikkaneng Spanyol, na gerakang-gerakang Marxis mattentu, khususu'na Revolusi Rusia na penindasang umma' Kristen ri Uni Soviet ku rezim ateis.",paragraph_037,127230
ardi055,ardi,"Sebagai ana', Chaime mancaji pion ri laleng kekuatang politi' ri provence, di mana ambo'na maccoe terliba' laleng pertempurang menolong mubtadi' Kathar pole Albi nalawang pasukan Perang Salib Albigensia ye ipimpin oleh Simon IV de Montfor, Earl Leicester, ye nacobai untu' namusnahkan mereka.",paragraph_039,44808
ardi056,ardi,"Nah, Puang-puang yamanengna parellu misseng na yamaneng bangsa Israel to parellu missengi makkeda yae taue tettong makkokkoe sibawa batang kale malessi ri olona Puang-puang, nasaba' kekuatan na akuasangeng pole Yesus Kristus yaro tau Nazaret e.",paragraph_040,59162
ardi057,ardi,"Puang-puang pura nasalibkan yaro Yesus, tapi' Allah ta'ala purai napatuo Alena paineng",paragraph_040,59162
ardi058,ardi,"Iyaro daftar'e de'na riaseng'i parellui ri Gereja Katolik'e, nennia nasaba parellui Martin Luther, Gereja Katolik'e napinrai kanon'e ri Konsili Trente, iya purana napattentu paimeng kanon'e pole konsili-konsili riolo nennia natambai klausula anatema'e lao ri sininna usahana untu' napinrai isi kanon'e.",paragraph_041,120462
ardi059,ardi,Alena pun teta nallaleni rukun iman na Islam.,paragraph_042,98247
ardi060,ardi,"Namun, di padepokannya eddi, dena hanya diiseri oleh tau beragama Islam, agama laing pun dipersilakan maggabung.",paragraph_042,98247
ardi061,ardi,"Naikia sayang, Siswo  dena najelaskang mengenai ajaran fole kelompo eddi.",paragraph_042,98247
ardi062,ardi,"Trisula Weda merangkul yamaneng ajaran, di Trisula Weda  engka merangkul yamaneng, Hindu, Kristen, tau fole Bali todo engka todo, matterru Pasundan, Sunda Wiwitan, Jawa  Kejawen, komplit.",paragraph_042,98247
ardi063,ardi,"Kasus yede berkaitan sibawa tindakan mala paksa, iya lipegau' sibawa pemerintah Negara Gereja, lao salah seddi anak keluarga Yahudi ki Bologna, yanaritu Edgardo Mortara, iya nappa enneng taung umuru'na, atas dasar kesaksian seddi mantan pelayan keluarga Mortara makkeda Edgardo pura libaptis secara darurat wettu malasa wettuna biccu mupi.",paragraph_043,4786
ardi066,ardi,"Sibawa iya' ma'janci sibawa sungguh-sunggu untuk perhatikan, sibawa berdoa memohon bare' Pikiran iya to engka ki laleng Kristus Yesus yaro monro ki laleng idi', untuk nalakukan lao tau laing aga iya melo' bare' alena najama lao idi'; sibawa untuk bertindak penno kasih, adil, nennia murni.",paragraph_046,4285
ardi067,ardi,Okina pura ipake untu' mewai iyyagi tau Yahudi naiyta umat Kristiani.,paragraph_047,38045
ardi068,ardi,… makeda mappamula wettu iyyaro akewange na peperangan na asilolongeng-meja iyya magatti si-sulle na de' pettu-pettu cumpa ku kota iyyaro na ku yemaneng Yudea lettu pacapurengna ikepungi ku Vespasianus moloi.,paragraph_047,38045
ardi069,ardi,"Onrong iyae, monroi ri tange mattama sempit salo' kuniro Salo' Marne mengitari tanah berbatu, riwerengi aseng purana parit oppidum Celtic sibawa kemudian castrum Romawi; situs iyae riiseng laleng catatan pertengahan sebagai Castrum Bagaudarum, ri wettu yero Bagaudae mebbu reputasi sebagai penjaga umat Kristen pole siksaan Romawi.",paragraph_048,14611
ardi070,ardi,"Nappa Yesus no' pole yaro bukit e massama-samangi sibawa yaro rasul-rasul e, nappa pajai na tettong ri seddi onrong yaro malappa'e.",paragraph_049,115567
ardi071,ardi,"Akkero mai engka to maega loppo paccoe'-paccoe'-Na yaro lainge na maega tau yaro engka lettu pole tega-tega ri yamaneng Yudea, Yerusalem, na kota-kota Tirus na Sidon yaro ri wiring tasi'",paragraph_049,115567
ardi073,ardi,Indo’na guru matematika ri sikolang bunge’.,paragraph_051,114258
ardi074,ardi,Tatas Brotosudarmo iyanaritu appo gattungna Siwur pole KGPAA Mangkunegara I mangeppu KPH Poerbonagoro sibawa to appi wareng pole KGPAA Mangkunegara IV mangeppu BRAy Tondokusumo.,paragraph_051,114258
ardi075,ardi,Tatas Brotosudarmo botting sibawa Dr. Leenawaty Limantara.,paragraph_051,114258
ardi076,ardi,Tatas Brotosudarmo iyanaritu tau panrita Kristen Indonesia iyaro macca redormed injil.,paragraph_051,114258
ardi077,ardi,"Tuli hadere, akku penginjilan sibawa seminar kekeristenan.",paragraph_051,114258
ardi078,ardi,"Mangulang-ulang nappa sibawa megana cara ero bapa suci na pa tette ma pekko ero maneng tau ee harusuk tuo taat lao okko Yesus Kristus sibawa setia mengabdi na ma pake ating ero murni sibawa ating nurani ero mekanja ee, laleng na status tuo aregaa agaga aro ga ma pekko cara tuo religius agagi ero na pile we.",paragraph_052,29871
ardi079,ardi,Amerika Serikat dessa necce lalengna proses mappile yewe.,paragraph_053,114425
ardi080,ardi,"AS, dessa femeng nitai perang akki Asia Tenggara sebagai rufanna perang salib nalawang si majassifa', sibawa dessana femeng najampangi sitongengna wettu yolo yero fekkogi yero nelori rakyat akkewe.",paragraph_053,114425
ardi081,ardi,"Irita fole nafaue yero pemimpin akki Washington, yero mencaji masala fassaleng bawang atepperengna sekutu-sekutu AS lao jangci sibawa komitmen negeri yero.",paragraph_053,114425
ardi082,ardi,Jaji alena nasuroni pengiku'-pengiku' na alena akku Yesus sibawa siarega anggota golongan Herodes.,paragraph_054,118792
ardi083,ardi,"Tau-tau e ro napau akku Yesus, Pa' Guru, idi' misseng i makkeda Bapa' jujuru'.",paragraph_054,118792
ardi084,ardi,"Bapa' tapagguru de' ta' belle aga naeloki Allah untu' tau e, na de' tajampangi pendapa' na tau e.",paragraph_054,118792
ardi085,ardi,Nasaba' Bapa' de' ta ita i niga tau,paragraph_054,118792
ardi087,ardi,"Sile'ttunna ri be'nere liang lahat, prosesi pemakaman ripammulai nasibawai mabbaca riwayat hidup siba mabbbage penghargaan iye riterima Ani Yudhoyono.",paragraph_056,117697
ardi088,ardi,"Selanjutna, Jokowi nallippe'ssang kepergian benena untuk rimakamkan ri yawa naunge'ng bendera Ce'lla Pute.",paragraph_056,117697
ardi089,ardi,"Iya Presiden Republik Indonesia yase ase'ng negara, bangsa, siba TNI, nasibawai ewe mempersembahkan okko persada indo pertiwi jiwa, raga, siba jasa-jasa almarhumah Hj Kristiani Herawati Yudhoyono, kata Jokowi.",paragraph_056,117697
ardi090,ardi,Idi' sippada batu-batu iya tuoe.,paragraph_057,26859
ardi091,ardi,Nasaba' iyaro melo'na idi' melo' ipake untu' bangung Bolana Allah iya rohani.,paragraph_057,26859
ardi092,ardi,"Narimakkuanna naro idi' mancaji imang-imang, iya tuo khusus untu' Allah, na lalo Yesus Kristus persembahkan i akku Allaah, karoba rohani iya natarima akku atinna Allah",paragraph_057,26859
ardi095,ardi,"Tongengna, menuru' Kepala Bagian Humas Pemkot Surabaya Febriadhitya Prajatara nassakkareng kegiatan yero iyanaritu kegiatan baptis.",paragraph_060,24642
ardi096,ardi,Kegiatan lalengna yero videoe iyanaritu kegiatan silaturahmi sibawa yero rohaniawan se-Surabaya.,paragraph_060,24642
ardi097,ardi,Jaji idi' pastikan makkeda lalengna acada yero Bu Wali Kota iyello doangi bara' tuli madising sibawa tuli Ilingdungiwi Puangalataala.,paragraph_060,24642
ardi098,ardi,Dessa gaga acara laingnge silaingna yero.,paragraph_060,24642
ardi099,ardi,"Pitangi lao okko iya siddi tau ero lalo okko Injil yaro pura na runtu na pemeng pole okko kemabukan lao okko laleng kesadaran diri, pole okko kemarahan nah kegusaran ko laleng kesabaran diri, pole okko ketamakan lao okko kemurahan hati, pole cemar mulut lao okko laleng baik wicara, pole okko ketidaksenonohan lao okko laleng kesahajaan.",paragraph_061,86803
ardi100,ardi,"Atuongena atuonge relijius na pangkaukeng marilaleng pole Bernard pole Clairvaux na Fransiskus pole Asisi ku abad kasepulo dua na kasepulo tellu, masilong sibawa susangena maneng Salibis iyya lesu pole Tanah Suci, warengi atuonge devosi ku Carita Peddina Yesus Kristus.",paragraph_062,34667
ardi101,ardi,"Mareppe makkeda seddie kerajaang Nestorian ye lenynye'e engka ri bagiang timur, iyare'gi makkeda asalamakeng Negara-negara Tentara Salib tergantung akku seddie aliansi sibawa seddie tau penguasa monarki Timur, yenaritu salah seddi alasang bare' siare'-are' duta loppo nennia misionaris Kristen ikiring lao Mongol.",paragraph_063,13842
ardi102,ardi,Berikut kumparan mappasilolongeng.,paragraph_064,12281
ardi103,ardi,"Shandy Aulia De'na namaitta iye, Shandy Aulia mappuada mabbka puasa sibawa keluarga maraja sang ayah, Kemas Yusuf Effendy.",paragraph_064,12281
ardi104,ardi,"Mappada riissengngi, sipungenna Shandy umurunna tellu taung, tomatowanna massarang.",paragraph_064,12281
ardi105,ardi,"Shandy pura toi sibawa indo'na, Elsye Dopong, sibawa menganut agama Kristen.",paragraph_064,12281
ardi106,ardi,"Namakkuaniro ero, Tellu silessurenna makkunrai, Dian, Vivi, sibawa Putri, mancaji agama Islam pada-padanna ambo'na, Kemas.",paragraph_064,12281
ardi107,ardi,"Tata carana memuat ajakan untu' bertobat fole pastor, waktu doa hening yewe memungkinkan umat untu' mengakukan dosa-dosa mereka akki laleng hati, seddi bentuk pengakuan umum yewe diserukan sibawa fole yamaneng yewe hadir, sibawa pemakluman absolusi umum fole pastor yewe umumna isertai sibawa makibbu tanda salib.",paragraph_065,27751
ardi108,ardi,"Purana iyaro Yesus napau akku tau-tau e, Narekko seddi tau pole idi' maneng mappunnai seddi ana' iarega sikaju lembu iya mabuang e akku bujung e ri esso Sabat, de' ga na alena magatti' getteng i messu' ana' e ro iarega lembu e ro esso e ro?",paragraph_066,114424
ardi109,ardi,"Kitab-kita ya i pasingewang, ya tama e laleng seddi kanon namung de' na engka laleng ya laing e, sesekale yaseng apokrifa Alkitab, seddi adana ya tulli-tulli i pake secara macikke untu podang kitab-kitab laleng kanon Ortodoks nenniya Katolik ya de' gaga laleng Teks Masoret Yahudi nenniya megana Alkitab Protestang modern.",paragraph_067,19079
ardi110,ardi,"Maega pole Gereja-gereja iyyae de' natarima pikiri makeda engka seddi otoritas lainge ku seliwengna maneng paroki Kitab Suci iyya odding ku materu mului tau-tau Kristen lainge lalo otoritas ilahi iyya tongenge; purana Perjanjian Baru, makuro alena maneng paui, tange-tange pewahyuan pura itutu.",paragraph_068,120676
ardi111,ardi,Selleng pole Epafras.,paragraph_069,73265
ardi112,ardi,Alena pole to kalangeng ta.,paragraph_069,73265
ardi113,ardi,"Alena hamba Kristus Yesus, iya tuli millau doang marajing untu' idi' maneng.",paragraph_069,73265
ardi114,ardi,"Alena millau ladde' akku Allah bara' ateppekengta mancaji matedde' na idi' madewasa tongeng, bara' idi' sukku' tunru' akku elo'na Allah",paragraph_069,73265
ardi115,ardi,"Mega tau Kristen tama selleng untu' menghindari pajak jizyah yewe ikenakan akki mereka sebagai Dhimmi Konversi lo Selleng to membuka cakrawala baru untu' tau-tau Kristen asli, mengangkat posisi sosial mereka, menjamin kondisi kehidupan yewe lebih makessing, sibawa nafaloangi ruang lingkup kerja mereka akki jamang yewe lebih teknis terampil sibawa maju.",paragraph_070,14811
ardi117,ardi,Alena toh nerak umat Kristen ku Nagekeo kususna Nangaroro magguru tentang hal mapuasa fole umat Muslim ya wettude iyye lo laksanakan selana siuleng fenno.,paragraph_072,108652
ardi118,ardi,"Iya wakkeleki umat Khatolik fole Nangaroro naucapkan selamat ku umat Muslim ya lo tama uleng puasa, uleng ya suci sibawa fenno berkah sibawa idi berusaha untu ciptakan suasana damai sibawa tenteram, nafau.",paragraph_072,108652
ardi119,ardi,"Gereja naitanna sebagai seddi kejahatan serius yaro mancaji saba' iman, rennu, na kasih laleng alena tau lainge mancaji lemma, terutama rekko yae hal e rijama lokka anak-anak ato kaum lolo na pelakuna yanaro pribadi pole pihak otoritas mappada tomatoa, guru, ato imam.",paragraph_073,1526
ardi120,ardi,"LWF iyyato mengaui tellu Akengauna Iman Ekumenis -- Akengauna Iman Nicea, Akengauna Iman Rasuli, na Akengauna Iman Athanasius na akengauna-akengauna iman Gereja Lutheran, utamangena Konfesi Augsburg iyya depa isullei, naiyya Katekismus Beccu Martin Luther mancaji papanessa iyya mapacinge pole Firman Allah.",paragraph_074,20401
ardi121,ardi,"Dokumen iyyae maparengerang na pateddei undang-undang iyya pura yebbu ku yemaneng paus yolona ku aliwenge-aliwengena iyyaro, na iyyato paluangi lettukengna ku yemaneng tau loppona gereja iyya nullewe, untu' selewi hukuman iyya sibawai, maccue ku lalengna alelunge agaga-agaga linoe sibawa mapake aseng tau-tau beasae.",paragraph_075,26060
ardi124,ardi,Wettunna esso Sabat Alena mappammula mappagguru ri bola massompa.,paragraph_078,55427
ardi125,ardi,Engka maega tau akkuro.,paragraph_078,55427
ardi126,ardi,"Wettunna tau-tau e ro mengkalinga appaggurungna Yesus, alena heran ladde'.",paragraph_078,55427
ardi127,ardi,"Alena napau, Tegi pole iyahe tau e we naruntu' maneng i iyahe?",paragraph_078,55427
ardi128,ardi,Kebijaksanaan aga iyahe engkae akku ale-Na?,paragraph_078,55427
ardi129,ardi,Maraga carana alena runtu' keajaiban,paragraph_078,55427
ardi132,ardi,"Lalengna Gereja Perdana, yemaneng pajama peribadatan naiyyato yemaneng uluna jemaat, padae sidang jemaat iyya alena maneng matoroi, mapake waju beasa iyya beasa napake tauwe esso-esso ku negeri-negeri iyya ipacuei ku kebudayaan Yunani-Romawi, nemung alena maneng yellorengi mapake waju iyya mapacing na de' namarota ku esso-esso suci.",paragraph_081,17789
ardi133,ardi,"Iyya pade' malanre keadaana iyyanaritu tabukkana tongenge makeda Gereja missengi siare' pole imam-imam papegauna makarawa iyyaro, na ku pamulangna jampangi alena maneng sibawa cara mabelle missengi ejjae iyya alena maneng pegaui na palette jamangi alena maneng pole seddi jemaat jokka jemaat lainge naiyya baliwi maneng.",paragraph_082,97142
ardi134,ardi,"Nasabari iyya mancadi liwa lumpuh na dena naulle mabbisyara, iyya naulle mappasseddi ala silong maega tau lumpuh na tau fefe laleng Injil, bersyukur ase perawatan iyae fenno pappoji na cakap iyae iyya tarima serta ase harapan elo atuwong kekal ri laleng Kristus.",paragraph_083,22783
ardi135,ardi,"Obligasi perang yarega War bond iyyanaritu seddi obligasi iyya ipaengka ku seddi negara untu' mpajai perang Siare' perusahaan, bank, pemerintah na lembaga makuasa lainge odding napaengka obligasi laleng denominasi mata uang valuta asing lainge iyya yita lebbi tennang naiyya mata uang domestikna.",paragraph_084,92565
ardi136,ardi,"Riyolo ajajingeng ana’ worowanena, na purana arreddukeng emansipasi Yahudi ri Rhineland, Herschel lette’ agama pole Yudaisme untu’ maggabung sibawa agama negara Gereja Injili’ Prusia, massule aseng yolo pole Herschel iyya assalenna pole basa Yiddish mancaji Heinrich iyya assalenna pole basa Jerman.",paragraph_085,74857
ardi137,ardi,Siruntukeng ku onrong KH Zainal Abidi berlangsung kurang lebbi si jam.,paragraph_086,13205
ardi138,ardi,"Silaturahi yahe untu lebbi fstedde hubungan antar rufa tau sibawa pemeluk aagama, naseng Profesor Zainal Abidin.",paragraph_086,13205
ardi139,ardi,"Profesor Zainal nafau, hadere para tokoh sibawa pimpinan gereja yaro, nafatanrang anpe keterbukaan untu mabangun hubungan kekerabatan, silaturahmi antara tokoh agama laloi momen Idul Fitri.",paragraph_086,13205
ardi140,ardi,"Seniman muslim assaleng Kebumen, Jjawa Tengah, eddy Ruswanto, narancang na makkibua kolase Bunda Maria paling maloppo ri dunia iya takkibua pole maddatu sebbu lampa majalah na koran isekna berita passaleng kekerasan rumah tangga.",paragraph_087,7078
ardi141,ardi,"Kolase Bunda Maria Guadalupe iyaro itaro na ipamerkan ri Museum Mahanandi Jalan Raya Jemursari, Surabaya, selama uleng Desember sebagai bentuk akkuragana nasuarakan keberpihakan gereja okko makunrai na anak-anak.",paragraph_087,7078
ardi142,ardi,"Unur pura melo tulunge pole Saifuddin Ghazi I pole Mosul na Nuruddin Zengi pole Aleppo, na iyya cilalena mului seddi akewange ku kamp tentara salib; Tentara Salib ipatasoroi pole tembo' ku dare' bua-buae, ku tegi alena maneng magampangi nakenna akewange ikepungi na gerilya.",paragraph_088,96868
ardi143,ardi,"Nah, yaro kejadiange iyanaritu kiasan pole baptisan yaro makkokkoe alena maneng salamakangi iko maneng.",paragraph_089,55752
ardi144,ardi,"Yae baptisange taniani seddi upacara mappacakka batang kale pole yamaneng yaro rota'-rota', melainkan iyanaritu jancimu lokka Allah ta'ala pole ati nurani yaro mello.",paragraph_089,55752
ardi145,ardi,Yaro baptisange nasalamakangi iko maneng nasaba' Yesus Kristus pura tuo paineng pole amatengeng,paragraph_089,55752
ardi148,ardi,"Ri era iyae tarompo silong teppuang Penyimpangan Loppo, manakala Abad Pencerahan na Revolusi Ilmiah ri Lino Barat menimbulkan perubahan-perubahan loppo ri bidang kemasyarakatan, agama Kristen difangngolo ri siaga macam bentuk skeptisisme na ideologi-ideologi politik modern tertentu mappada sosialisme na liberalisme.",paragraph_092,104466
ardi150,ardi,"ku wettu mabarue, pura engka rupangna pangkaukeng untu' 'papajai' tabagenge iyya kajajiang; bangsana sibawa adana ku iyyaro Kristologis iyya yebbu ku Paus Yohanes Paulus II na Patriark Ignatius Zakka I Iwas, sirupa sibawa iyya napegau iyyaro wakele-wakelena Gereja Ortodoks Alau' na Gereja Ortodoks Oriental.",paragraph_094,11843
ardi151,ardi,"Ku wettuna iyyaro, Henry Crawford iyya sugie, magello gayana na linoe naiyya silesureng makunraina, Mary Crawford, engk ku bolana pendeta untu' monro sibawa Mrs. Grant, deng enya tongena alena maneng, purana sitaung ku Antigua, Sir Thomas nasuro Tom lessu cinampe paterui jamangna alena.",paragraph_095,61892
ardi152,ardi,"Engka mega klerus, fadae Gereja akki umumna, secara keseluruhan nanikmati gaya tuo mewah yero liwe kontras sibawa kondisi sebagiang loppo penduduk yero monro; ki tega kemewahan yehe ribiayai fole pajak-pajak gereja yero matanre na abbalukeng indulgensi yero berlimpah.",paragraph_096,106263
ardi153,ardi,"mega pendeta mapendidikan buruk, na doktrin-doktrin spiritual Gereja maderi riabaikan.",paragraph_096,106263
ardi154,ardi,@LusiHQ @RizmaWidiono Untu' iya umma Katholik perellu mallaporo Anies Baswedan sibawa Sandiaga Uno nasaba' purani nasolangi kesakralan Missa Kudus sibawa ero pelecehan lao Missa kudus umma Katholik.,paragraph_097,53178
ardi155,ardi,Alena maneng sitongenna perellu millau pertimbangan tentang ibadah okko gereja Katedral nappa tania serobot bawang.,paragraph_097,53178
ardi157,ardi,"Taleppesang pole indikasi laleng hukum kanon narekko ekskomunikasi otomatis dena berlaku okko makkunrai ero pigau aborsi nasaba rasa mitau ero maladde yarega nasaba masussa tane, Gereja Katolik, okko siliweng pabedang ero, najamin kemungkinanna pengampunan untu' sininna makkunrai ero purae pigau aborsi.",paragraph_099,2463
ardi158,ardi,"Nasaba alasang yewe jaji ipigaui penyimpanan elemen-elemen ye purae dikonsekrasi, biasanna laleng sedie tabernakel gereja, untu' pabbere Komuni Kudus lao tau malasae nennia nahadapi ajjaleng, nennia to untu' tujuang sekunder, namuni nulle opi iyanjurkan ladde, yenaritu napuja Kristus ye engkae laleng Ekaristi.",paragraph_100,127850
ardi159,ardi,"Esso Raya Santo Petrus na Paulus, yarega Acara Santo Petrus na Paulus, iyyanaritu seddi esso raya yarega acara liturgi untu' cuku ku kemartiran yemaneng rasul Santo Petrus na Santo Paulus ri Roma, iyya utamana ipegau ku Gereja Katolik Roma na Gereja-Gereja Alau' laleng ade' Bizantium.",paragraph_101,15059
ardi160,ardi,Maladde upaya saling masserang na saling bela keddi mancaji gejala laleng masyarakat Indonesia.,paragraph_102,16655
ardi161,ardi,"Habib Rizieq Syihab ero yang dihenni napimping demo aksi bela Islam, cappu nasaba nabela Al Quran furanna diduga dihinakan pole Ahok.",paragraph_102,16655
ardi162,ardi,"Kin sisumbe elo rifigau aksi bela Yesus, absus furanna ero diaseng mappigau nakkeddai kepada dogma ajaran Kristen okko Desember labe.",paragraph_102,16655
ardi163,ardi,"Maega tema iyya yakka lalengna puisi iyyae, banna iyya pong parellu iyyanaritu apojingena paladin Orlando ku putri pagan Angelica iyya de' ibali, makkuanaro nebbui Orlando jangeng; apojinge padana prajurit Kristen makunrai Bradamante sibawa seddi Saracen iyya asengna Ruggiero; naiyya perang ku Kristen mewa non-kristen.",paragraph_103,38404
ardi164,ardi,"Laleng magguru tentang mapuasa ku Muslim, Wilem naera umat Kristen untu mitai tellu nilai penting laleng mapuasa.",paragraph_104,61046
ardi165,ardi,"Ya bunge, puasa penting untu tuo magello sibawa sehat untu raga, maiga mello duang wettu mapuasa nasaba Fuang ya tentukang tuo idi sibawa tinnya idi alale, serta makebbu gello kususna mabbere sedekah jokka ku tau ya menderita, nafau.",paragraph_104,61046
ardi166,ardi,"Sibawa yangerangi matengena Kristus ku idi' maneng, idi' maneng odding punnai pikiri na papahange iyya malanre na mapacing, nasaba wettuta maneng pajanengi maraga solina iyya nawaja Yesus untu' mpajaiki manneg.",paragraph_105,67542
ardi167,ardi,Iyyanaro wettu iyya magello untu' mitai keadaana atie na asilongeta maneng sibawa padata.,paragraph_105,67542
ardi168,ardi,Tujuanna yanaro untuk buktikangi apagah iko maneng mattongeng-tongene mateppe lokka Puang ato de'.,paragraph_106,14327
ardi169,ardi,"Ulaweng yaro mulle masolang to, riuji sibawa api.",paragraph_106,14327
ardi170,ardi,"Nah, iman iko maneng yanaro lebbi berharga pole ulaweng, jaji parellu riuji to supaya mancaji teguh.",paragraph_106,14327
ardi171,ardi,Dan sibawa makkero iko maneng elo' ripoji na rihormati sibawa ripatanre akko essona Yesus Kristus engka lettu paineng,paragraph_106,14327
ardi173,ardi,Gereja Katolik Roma secara khusus na palettukeng kritikan na lao okko tudingan ma kad aero pelleng nge engka ni okko luarak konteks na pakkecubbuang na laleng na dua sebbu taung masalah Piala Suci ero sebenar na sibawa konsep ma kada Yesus Kristus sibawa Maria Magdalena botting nappa na punnai siddi anak ma kunrai.,paragraph_108,112771
ardi174,ardi,"Menuru’ Gereja, tindakang seksual iyyanaritu mapaccing ri laleng relasi lakkai-baine iyya nacermingkang seddi anugera timbal-bale’ sipongeng tuo na lengka’ antara seddi burane na seddi makkunrai, seddi passaleng iyya halangiwi poligami na pergundikang jaji mancaji umung laleng budaya-budaya riyolo hadere’na Kekristenang.",paragraph_109,56088
ardi177,ardi,"Frederick II, Kaisar Romawi Suci, purai maccurita-curita rilaleng Perang Salib Kelima, nasuroi tentara pole Jerman, naekiya de'na naccue'i tentara'e secara langsung, namuni engka dorongang pole Paus Honorius III na nainappa Paus Gregorius IX, nasaba parellui nakonsolidasikan posisina ri Jerman sibawa Italia riolona maccurita-curita.",paragraph_112,45646
ardi178,ardi,"Iyyae pong Isai modereng mawwuju’ seddi poster iyyare’ga pong tongettongeng iyya ipasang ri gereja iyyare’ga ri bolae, na silampe wettu Adven ibeloi sibawa lambang-lambang mattentu sebagai wakkele’ rangkaiang kissa-kissa iyya cappue sibawa kissa ajajingenna Yesus, untu’ kepentingang pendidikang agama anana’e.",paragraph_113,24762
ardi180,ardi,"Baik Gereja Katolik Roma nennia Gereja Ortodoks Timur naakui pitu Konsili ri taung-taung pammulang Gereja, nennia Gereja Katolik to naakui seppulo eppa konsili iya lihimpunkan ri taung-taung purana sibawa Paus, iya otoritasna litolak siabwa Gereja Ortodoks Timur apa'na alena naanggap Roma wettu yede engka ki laleng skisma.",paragraph_115,27565
ardi182,ardi,"Wettunna Yesus engka ri Betania, ri bola Simon yaro riolo nakenna lasa uli' yaro bahayae, seddi makkunrai engka lettu lokka ale-Na.",paragraph_117,49066
ardi183,ardi,"Alena mattiwi' seddi botolo' pualam lise'na minynya minynya yaro masoli', riebbu pole ure' mabau'.",paragraph_117,49066
ardi184,ardi,"Wettunna Yesus tudang manre, yaro makkunraie nareppa'i yaro botolo'e na natuppa'i yaro minynya minynya'e lokka ri ase' ulunna Yesus",paragraph_117,49066
ardi185,ardi,Idi' taisseng makkeda Allah purani napile Yesus tau Nazaret e ro nabbereang akku-Alena Roh Allah na kuasa.,paragraph_118,46142
ardi186,ardi,"Idi' taisseng to makkeda Yesus jokka akku tegi-tegi untu' pigau' deceng; Alena napapaja siningna tau iya nakuasai e ibellisi', nasaba' Allah sibawai Alena",paragraph_118,46142
ardi187,ardi,"Laleng seni rupa, Hieronimus malessi ditampilkan sebage sala seddi fole eppa Gereja Latin, massama-samang silong  Agustinus fole Hipo, Ambrosius, na Paus Gregorius I. Sebage rohaniwan iyae terkemuka fole Gereja Roma, alena malessi secara anakronistis digambarkan laleng busana khas kardinal.",paragraph_119,74218
ardi191,ardi,"John Polkinghorne, seddi imang Anglikan sibawa fisikawan to, laleng bo'na iya judulna Questions of Truth, nabahas hal-ihwal hubunganna antara agama sibawa ilmu paddissengeng, ianaritu poko' bahasanna iya to pura nadalami akku ahli-ahli apologetika Kristen lainna sippada Ravi Zaharias, John Lennox, sibawa William Lane Craig.",paragraph_123,2050
ardi192,ardi,"Tanpa mancaji dogmatis loppo bangsana Calvin, to de'na jenius kreatif laleng lino keagamaang, Beza mappunnai kualitas-kualitas ye naibbuai terkenal mancaji humanis, penafsir Alkitab, orator, nennia pemimping laleng urusang agama nennia politi', sibawa berkompeteng mancaji pemandu kaum Calvinis ri yemaneng Eropa.",paragraph_124,40624
ardi193,ardi,"Sebagian loppo penduduk Kristen ri Konstantinopel umpa mattolak persekutuan silong fangngala kekuasaan, na matterru mangngadakan kebaktian agama alena, lebbi maega iyae dihadereri darifada gereja-gereja, ri udara tabbukka ri hirinna kota, angkenna aseng Krisostomus mala ondrong ri register na laleng doa-doa fole gereja Konstantinopel.",paragraph_125,124796
ardi196,ardi,"hai pakkanre bawi nappa arope-arope roti, aceh ero khusus..",paragraph_128,72268
ardi197,ardi,dega mu pahang tentang ero..,paragraph_128,72268
ardi198,ardi,perellu ga ero aceh macciori budaya bawi mu nappa mario ko..,paragraph_128,72268
ardi199,ardi,"ajana mega bacot, iko laginna kristen, maga meloko campuruki masalah aceh ero napakewe aturan selleng..",paragraph_128,72268
ardi200,ardi,beleng,paragraph_128,72268
ardi201,ardi,"Manurut seddi teolog Kristen, Gordon J. Wenham, akkatta hukum kosher iyanaritu untu mabbantu tau-tau Yahudi napertahankan engkana iyya silaingeng nenniya massarang pole bangsa lainge; alena makkedai iyaro hukum mabbawai pengaruh untu mappeddarang'i sosialisasi sibawa abbotingan sigaruwi sibawa tau dek-Yahudi, iyyae untu mencegah ateddekenna identitas Yahudi.",paragraph_129,58622
ardi203,ardi,"Het Rijke Roomse Leven peccu sebagai assele' sorongan emansipasi penduduk Katolik yaro makurang beruntung na ridukungi sibawa pilar Katolik Roma, yaro ripangngolo sibawa yamaneng ulama na tania bawang naliputi gereja, tapi' to sikola-sikola Katolik Roma na rumah sakit yaro riurusu'e sibawa biarawati.",paragraph_131,42293
ardi204,ardi,"Iyae napak tilas rijelloreng lao to Kristen iya massappae rute ziarah napaulle lao pengalaman lebbi mariale pole Galilea sibawa situs pole atuongenna Yesus, naekkiya masseddi sibawa situs-situs bersejarah pole era mallaisengnge, situs-situs suci pole agama-agama laingnge, situs alam, panorama mempesona sibawa hiking lao pada alena iya massappae tantangan fisik.",paragraph_132,15272
ardi205,ardi,"Naseng teori iyyae, Gihon laleng Alkitab padai onrongna sibawa Karun ku Iran, na Salo Pison padai onrongna sibawa jaringan salo Wadi Batin iyya pura isolori uwwai banna makukuae marakko, banna seddi wettu riolo iyyanaritu bagenge parellu pole Semenanjung Arab iyya yasengi makessing.",paragraph_133,34559
ardi206,ardi,Akki Pakistan calalena beberapa ronta' kejadiang lalengna hubungenna sibawa aliran yero.,paragraph_134,99467
ardi207,ardi,Fammulangna fole sala-sedddi rekomendasi Konperensi Organisasi-Organisasi Selleng Seddi-Lino akki Mekah -- yero nafaui Ahmadiyah Qadiani sebagai jemaat yero engka akki saliweng agama Selleng kelompok mayoritas akki Pakistan natuntu' lao Presiden.,paragraph_134,99467
ardi208,ardi,PM Ali Bhuto bara' untu' jabatan famarenta sibawa militer porsi kaum Qadiani ifasippada sibawa statusna alena.,paragraph_134,99467
ardi209,ardi,"Sarjana David E. Aune berargumen makkedda kitab-kitab Injil dipolakan mappada biografi-biografi klasik Yunani-Romawi, na gunanna istilah apomnemoneumata oleh Yustin maccakup iya maneng kitab-kitab Injil naulle difahang sebagai rujukang lao ri biografi tarrukki mappada Memorabilia Xenophon afa kitab-kitab aro melestarikan ajarang aslinna Yesus.",paragraph_135,24000
ardi210,ardi,"Untu' siaganna tau Kristen, nubuat iye ritepperi pura rigenapi sibawa ahaderekengna Yesus Kristus pole Nazaret na pengajaran-Nya ri Bait Suci engkae ripugar akki raja Herodes na damai engkae rianugerahkan Allah untu' sininna umat manusia sibawa ta'bagena tirai engkae mabatasi Ruang Mahakudus ri wettu matena Kristus.",paragraph_136,127215
ardi211,ardi,"Dua bait parellu de' nengka lipake, yare'ga kurang pole sitengga bait iya liyala.",paragraph_137,74881
ardi212,ardi,"^ Alessia Fassina nanyatakan makkeda garrula anus iya liteppu sibawa Hieronimus sitongenna yanaritu Melania si Toa, sibawa Sigrid Schottenius Cullhed berpendapat makkeda Hieronimun se' napedang tentang tau tegapun, nennia lebbi lao gaya tau iya de' sejalan sibawa kotbah Injil.",paragraph_137,74881
ardi214,ardi,"Angkalingai perumpamaan yaro seddie paineng, ada Yesus.",paragraph_139,16872
ardi215,ardi,Seddi tau puang tanah natanengi sielle' dare' anggur.,paragraph_139,16872
ardi216,ardi,"Alena mappasang sappo ri sekelilingna, na makkae' kalibbong untuk pakkakkasa' papperra anggur, nappa mappatettong menara jaga.",paragraph_139,16872
ardi217,ardi,"Purana yaro nasewakan yaro dare' anggur e lokka paddare'-paddare', nappa mangnguju lokka negeri laing",paragraph_139,16872
ardi218,ardi,Tolkien Way ku Stoke-On-Trent iwarengi aseng pada sibawa aseng ana' urane J.R.,paragraph_140,73065
ardi219,ardi,"R. Pastor John Francis Tolkien, iyya pura mancaji imam iyya majama ku Gereja Katolik Roma iyya de' namabela pole kuro yanaritu Our Lady of the Angels na St. Peter in Chains.",paragraph_140,73065
ardi222,ardi,"Umat Kristiani, menurut para pemikir aro, seharusna massalai abiasang iyae bergantung ri para narasumber Yahudi na mappigauri arrekengang sendiri untu mappattentu huleng aga iyae diteppu Nisan, menetapkan Paskah sesuai perhitungan independen eddi, Nisan Kristiani, iyae elo malessi menempatkan perayaan aro furanna ekuinoks.",paragraph_143,25730
ardi225,ardi,"Laleng gereja beccu engka rupangna fresko ebbuna seniman-seniman Abad Patengang Pacapureng, yanaritu Cimabue na Giotto; laleng gereja loppo engka fresko-fresko carita atuongena St Fransiskus iyya pamulangna yasengi mancaji ebbuna Giotto, banna makukuae yasengi mancaji ebbuna seniman-seniman laleng kalompo' Pietro Cavallini pole Roma.",paragraph_146,120241
ardi226,ardi,"Posisi minoritas diwakili fole edisi The Greek New Testament According to the Majority Text oleh Zane C. Hodges dan Arthur L. Farstad yewe berpendapat makeda jenis teks Bizantin iyanaritu jenis teks yewe lebih fammulang dibandingkan sibawa teks Aleksandria, nasaba fura engka laleng tulisan para Bapa Gereja defana mompona teks Alexandria.",paragraph_147,20126
ardi228,ardi,"Menuru' Katekismus, akkibburukengna tau iya matewe na ianaritu seddi paggaukkang pammase iya harusu' e ipugau' akku alalena sibawa horma' na pammase jaji paratte'-paratte' sippada pamali' awu tau mate iya ikremasi sibawa akkibburukeng ri kibburu' de' e gaga tanrang na yacciang laleng Gereja Katolik.",paragraph_149,87199
ardi230,ardi,Irman iyanaritu ana’ burane Minangkabau tomaanna Gusman Gaus sibawa Janimar Kamili.,paragraph_151,211
ardi231,ardi,"Ambo’ na pura menjaba’  mancaji Rektor Universitas Muhammadiyah Sumatera Barat, naikiya indo’ na iyanaritu ana’  pole pabbalu ulaweng iyaro mattujung.",paragraph_151,211
ardi232,ardi,"Irman na selesaikangngi asaikolangna sarjana akku Fakultas Ekonomi Universitas Kristen Indonesia, sibawa runtu’ patellareng Master of Business Administration pole Graduate School of Business, University of Bridgeport, Connecticut, Amerika Serikat.",paragraph_151,211
ardi234,ardi,"Selama periode yaro mappadae Apokafkos to peccu, sibawai sibawa Dimitrios Chomatinos na Georgios Vardanis, sebagai sala seddi pendukung terkemuka Epirus kemerdekaan politik na gerejawi pole Kekaisaran Nicea, ri tega Patriark riasingkan Konstantinopel monroi purana iyaro kotae meddu lokka Tentara Salib.",paragraph_153,114598
ardi235,ardi,"Ana' urane na ana' makunrai pole seddi hamba iyya itikkeng mennau iyya lari ku gereja, itiwi massu na ipabuta, rekko alena maneng umuru'na sepulo taung yarega kurang, melo ipaleppe; banna ku alena maneng lebbi macua pole sepulo taung alena maneng melo ipancaji budak na lenye yemaneng waramparanna maneng.",paragraph_154,73352
ardi236,ardi,"Nainappa Yesus nacciang tau e ro caritang hale' e ro akku nigi-nigi, Na-seng, Jokkani akku imang, na millau alena untu' pannessai idi' pajani.",paragraph_155,66715
ardi237,ardi,"Nainappa jokkani persembahkan karoba sippada iya iparentangeng Musa, mancaji butti akku tau-tau makkeda idi' tongeng-tongeng pajani.",paragraph_155,66715
ardi238,ardi,"Alkitab purani naita riolo makkeda Allah napaullei tau-tau tania e Yahudi makanja' paimeng sibawa Allah, narekko alena mateppe' akku-Alena.",paragraph_156,58269
ardi239,ardi,"KAreba makanja' e ro yappudang i yolo' akku Abraham ilaleng na jancie e he, Lalo akku idi', Allah nabarakkakiwi siningna umma' tau e ri lino e we.",paragraph_156,58269
ardi241,ardi,Alena nullei patennang ki wettutta masara.,paragraph_158,4161
ardi243,ardi,"Memeng iko mi mapikiri agguruang Kristen ero makkadae tau-tau non Kristen laiyasenge domba sesat, ero dena menghina?",paragraph_159,92728
ardi244,ardi,"Coba deh sebelum luppe palla ko lebbi mabela, cek nappa analisa agguruang-agguruang Kristen ero tania bawang menghina, Kristen mallise ajaran cabul toi ero dena pantas laiyasenge mancaji kitab suci",paragraph_159,92728
ardi245,ardi,Maka alena maneng na Paulus napa'tentu seddi esso untuk siruntu'.,paragraph_160,19988
ardi246,ardi,Akko yaro essoe maega tau engka lettu' lokka onrong monrona Paulus.,paragraph_160,19988
ardi247,ardi,Pole ele' lettu araweng Paulus naterangkan na akkarebang lokka alena maneng kareba tentang pekkoga Allah ta'ala mapparenta sebagai Raja.,paragraph_160,19988
ardi248,ardi,"Sibawa mappake ayat-ayat pole Bobbo Musa na Bobbo Nabi-nabi, Paulus mangngusaha mebbu alena maneng mateppe tentang Yesus",paragraph_160,19988
ardi249,ardi,"Uskup-uskup Katolik Timur odding maccueri rupangna heraldik Gereja Roma, iyya napitangi topi gerejawi makupel mapance na wiringna malebba, nemung perisaina lalena maderi igambara' maccueri rupangna heraldik Bizantin, na ku naipatngi silongna makkuanaro modele' silongna padae sibawa silongna iyya ipake lalengna ibadat nasene ritus maengna.",paragraph_161,16595
ardi250,ardi,"Novel eddi maccaritang simbolog Robert Langdon na kriptolog Sophie Neveu furanna seddi peristiwa pembunuhan ri Museum Louvre ri Paris, sisenna alena mancadi terlibat laleng ammusureng antara Biarawan Sion na Opus Dei terkait kemungkinan makkedda Yesus Kristus nabottini Maria Magdalena.",paragraph_162,71982
ardi252,ardi,"Sure'ku yaro ponco'e iya' uki' lokka iko sibawa bantuanna Silas, yaro iya' anggap seddi sessureng Kristen yaro setia.",paragraph_164,3673
ardi253,ardi,Yaro elo' mabbere sorongan lokka iko na yakinkangi iko maneng makkeda aga yaro iya' uki' yae kareba yaro tongenge tentang rahmat Allah ta'ala.,paragraph_164,3673
ardi254,ardi,Parelluni iko maneng makkatenni teguh akko yaro rahmat e,paragraph_164,3673
ardi255,ardi,"Ammusungeng Husite, iyyato riteppui Ammusungeng Bohemia iyyarega Revolusi Husite, iyyanaritu konflik iyya langsunggi antarana kelompok Husite mewai raja-raja Eropa iyya meloi passai wewenang Gereja Katolik Roma ase kaum Husite; rupanna faksi Husite iyyato sibali berseteru, uttamana kelompok Utraquis iyya tentanggi Husite sibawa tau Katolik.",paragraph_165,107366
ardi256,ardi,"Duanna engka akku Sir Leigh Tebing, tau ahlu Piala Suci iyanaritu sibangna Landing, iyaro na klaim makkada Piala tania siddi onroang naikiya Maria Magdalena, tongeng-tongeng mattampu sibawa bene pole Yesus Kristus, sibawa piala iyaro ibentuk untu’ na lindungi abbattirengna alena.",paragraph_166,110108
ardi257,ardi,"Lembaga-lembaga iye engka massemang-semang untu' napunnai dampak maloppoe ero alena nulle ri wilayah ero sibawa dena malejja siddi sibawa lainna jari-jari ajewe, tetapi mateppe' narekko sininna organisasi nulle pigau bageanna alena laleng napappura tugas mabbawa Alkitab lo wilayah linoe ero.",paragraph_167,24581
ardi259,ardi,Idi' maneng sangi' massukkuru' lokka Allah ta'ala nasaba' Saudara yamanengna.,paragraph_169,51999
ardi260,ardi,"Setiap idi' maneng millau doang lokka Allah ta'ala na Bapa'ta, idi' maneng sangi' mingngerrang manengko.",paragraph_169,51999
ardi261,ardi,Idi' maneng sangi' millau doangko.,paragraph_169,51999
ardi262,ardi,"Idi' maneng mingngerrangi pekkoga ikko maneng ma'jellokangi laleng kedo makkeda iko maneng mateppe lokka Kristus, pekkoga iko maneng mammaseangi tau laing gangkenna mulayani manengi, na pekkoga iko maneng rennuangi sibawa kejje lokka Puangta' Yesus Kristus",paragraph_169,51999
ardi265,ardi,Alena lo madepungeng ku alun-alun kota sibawa manre masibawa penduduk Kristiani sibawa laleng seddi meja lampe.,paragraph_172,80384
ardi266,ardi,Saling sisapa laleng suasdana ya hangat sibawa mmangkelinga alunan elong fole orkestra Bulgarian folk.,paragraph_172,80384
ardi267,ardi,"Festival yahe ih anggap tinnya bawang wedding tambah semarak allepereng bawang, tapi toh fatedde hubungan ataragama serta sikap saling toleransi.",paragraph_172,80384
ardi268,ardi,"Karya-karya riyoki e ladde ihargai kui Bapa-Bapa Gereja furana, baik ri Gereja Barat namoni ri Gereja Timur, ya wedding irita betapa isi karya-karya iyoki yero mappitangngi bakti ya maloppoi lao Sang Firman ya mancaji tau, perhatian ya maloppoe lao urusan-urusan pastoral, sibawa minat ya maloppoe lao monastisisme.",paragraph_173,61720
ardi270,ardi,Jaji Ananias jokka toni lao bola e ro na nataro limangna ri yase'na Saulus.,paragraph_175,83435
ardi271,ardi,"Sulengsureng Saulus, naseng Ananias, Puang Yesus iya Sulengsureng taita ri tengnga laleng wettunna Sulengsureng lao akkuhe, Alena na suroka engka bara' Sulengsureng wedding makkita paimeng na ikuasai akku Roh Allah.",paragraph_175,83435
ardi272,ardi,"Yolona, ku pamulang aha' iyyaro, iyya mabaca okina Lukas macarita kajajiang ancajingena Yesus, na iyya upajenengi makeda ku esso Natal iyya pamulang iyyaro de' nengka acara, hadida, na anre loppo bangsana iyya idi' maneng pegaui makukuae.",paragraph_176,28876
ardi273,ardi,"Banna iyya manessae, ku rate engka asembange.",paragraph_176,28876
ardi274,ardi,"Jaji tau-tau iya purae isogo' ro makkedani akku Yesus, Pa' Guru, idi' misseng i makkeda siningna iya Bapa' pau sibawa pagguruang e ro coco' i.",paragraph_177,10014
ardi275,ardi,"Idi' misseng toi Bapa' mappagguru na terus terang aga naeloki Allah untu' tau e, nasaba' Bapa' de' ta ita tau",paragraph_177,10014
ardi276,ardi,"Bahwasanya pihak-pihak iyae terlibat laleng dialog fassaleng isu aro mallaineng, siullena mungkin, isu-isu teologis fassaleng asal usul Roh Kudus fole isu-isu eklesiologis fassaleng primasi na otoritas doktrinal laleng Gereja, bahkan ri hettu iyya mabbahas kedua permasalahan aro silong toneng, secara massama-samang.",paragraph_178,89409
ardi277,ardi,"Injil Sinoptik adalah Injil Perjanjian Baru laleng Alkitab ero leroki’ okko Matius, Markus, siba Lukas.",paragraph_179,8518
ardi278,ardi,"Injil sinoptik marepe’ladde roki kisah ero pada tentang Yesus, namun sibawa penjelasan siba lampe’ ero berbeda, namun mapunnai urutan ero pada siba mega mapake kata ero pada.",paragraph_179,8518
ardi279,ardi,Kemiripan ko antara tellu buku tersebut macawe ladde sehingga mega peneliti ero tandai sebagai masalah sinoptik.,paragraph_179,8518
ardi280,ardi,"Nasaba' yaro Yesus makkeda lokka alena maneng, Matu' rekko iko maneng pura mupatanrei Anak Tau, iko maneng mulle missengi makkeda 'Iya'na Alena yaro riteppu IYA ENGKA', na iko maneng melo' missengi makkeda de'gaga seddi agaga yaro Kujama pole ale-Ku tommi.",paragraph_180,16876
ardi281,ardi,Iya' bawang paui aga yaro ripagguru Bapak lokka-Iya',paragraph_180,16876
ardi282,ardi,Tuanku Abdullah Saleh ero iyenaritu tau pendeta siddie ulama ero maloppo ladde perhatianna lao ilmu Tasawuf jaji kitab Hikam Ibnu 'Athaillah alena hapala okko siliweng ulunna.,paragraph_181,48733
ardi283,ardi,"Alena toi tau macca ahli ade', jaji tania bawang urusan agama ero nakkutang tauwe lao alena, bahkan urusan ade' toi.",paragraph_181,48733
ardi284,ardi,Agguruang Imam Al-Ghazali tentang khalawat laiyanre ladde pole alena.,paragraph_181,48733
ardi285,ardi,"Yesus ma'jawab, De'pa mu engka manengka ma'baca aga yaro rijama Daud, wettunna Abyatat bertugas i mancaji imam agung.",paragraph_182,18838
ardi286,ardi,"Wettu Daud ma tau-taunna malupu', na de'na mappunna anre, alena mattama' lokka Bola Puang, na manre roti yaro pura ripersembahkan lokka Allah ta'ala.",paragraph_182,18838
ardi287,ardi,Na yaro rotie riabbereangna to lokka tau-taunna.,paragraph_182,18838
ardi288,ardi,"Padahal menurut agamata', imam-imam bawang yaro mulle manrei yaro rotie.",paragraph_182,18838
ardi289,ardi,"Naekiyya, suku Vandal makkareso sipungeng siare’ dekade untu’ nappassang atepperenna Arianna lao raya’ Nicea Afrika Utara iyya engka ri yawa akuasangenna, naasingkangngi para klerus Nicea, napabubara’i biara-biarae, na mabbere tekanang matane’ lao umma’ Kristen Nicea iyya denasilaras sibawa alena maneng.",paragraph_183,118696
ardi290,ardi,"Missenggah idi tofi kerucut taung baru tanda selleng fura murtad, tofi taung baru yg mabbentu kerucut ternyata yanaritu tofi dengan bentu yang di difau sanbenito.",paragraph_184,128436
ardi291,ardi,"Yakni tofi yg difake selleng Andalusia untu natandai narekko alena fura murtad, diaha penindasan gereja Katholik Roma yang menerapkan inkuisisi Spanyol.",paragraph_184,128436
ardi292,ardi,"Tau ero dena manessa agamana, mita photo lakkai baine sedang makkatenni persilahkan santapan ulu bahi di ase mejang manre na nacoeri peribadatan digereja.",paragraph_185,103152
ardi293,ardi,"Tau pekkeddi elo diakka jaji gubernur Sumut, bafa Djarot asli selleng ambisi elo jaji gubernur Sumut sedia makkelong koor kebaktian di gereja, tergadai agama nasaba elo jaji pemimping, di tikkenang layar pesang yang nakirinang melalui WhatsApp.",paragraph_185,103152
ardi295,ardi,"Pengkalingae naulle napahangi pappaseng pole Tuhan barue secara kiasan lao ri Aeschylus The Eumenides; ironi naulle pappada Eumenides de'na gaga Tuhan baru naekiya Erinyes ri laleng bentu baru, pappada to Tuhan Kristen'e de'na gaga Tuhan baru naekiya Tuhan iya nasompa tau Yunani'e riyaseng Allahtaala iya'e de'na riisseng.",paragraph_187,59999
ardi296,ardi,"Komunitas gabungan ewe gelar buka puasa bersama sibawa anak-anak panti asuhan Al Ikhwan, Kelurahan Kombos, Kecamatan Singkil, Kota Manado.",paragraph_188,97630
ardi297,ardi,"Selain buka puasa bersama, siba leyaleng santunan ero merupakan sisihan rejeki pole para pengusaha online, pengemudi Gojek siba anggota Jeep Manado Siaap.",paragraph_188,97630
ardi298,ardi,"Idi pole umat kristiani peduli, umat muslim peduli.",paragraph_188,97630
ardi299,ardi,Iyena idi Indonesia.,paragraph_188,97630
ardi300,ardi,"Siare'-are' kritikus makkeda narekko' Gereja nennia ajarang-ajarang pole St. Paulus, para Bapa Gereja nennia teolog skolastik napelihara seddie gagasang makkeda inferioritas makkunrai itetapkang secara ilahiah, kendati ajarang resmi Gereja naita kaum makkunrai nennia kaum orane pappada, de' napada, nennia saling melengkapi.",paragraph_189,39734
ardi305,ardi,"Menurut kisah legenda, Yusuf na Maria rifaleppang akki wettu larinna ri laleng ale belukar; ana lolo Yesus wedding naperintahkan fong untu' mabukku' akki yawa lettu Yusuf wedding mala buahna na nappa memerintahkan wai fole mata wai menyembur akki saliweng fole ure jaji tomatoanna yero wedding memuaskan dekka mereka.",paragraph_194,12967
ardi309,ardi,Pidato pelantikanna dessa nakesankan.,paragraph_198,61111
ardi310,ardi,"Yero nulle nengngerangngi tauwe iyanaritu makkeda alena, tau Kristen salih fole Georgia yewe, iyala fole Wasiat Lama, akki nafaue Mikah fassaleng keadilan, belas-kasih sibawa mecce atinna.",paragraph_198,61111
ardi311,ardi,"Menuru' ceritana calalena nappa, alena sitongengna melo malai adanna Sulaiman - fassaleng farellunna rakyat fameccewi atinna, marellodoang, sibawa giling fole ampe kedo majassifa'na alena.",paragraph_198,61111
ardi312,ardi,Ramiz Jaraisy iyya iyyato matama' seddi tauna Kristen Palestina materangka iyyae pelenge iyyanaritu ebbu iyya parelly iyya nacaritange kajajiang iyyaro pole akitang tauna Kristen Palestina mancaji papasilainge na silainge sibawa modele' iyyae carita iyya yebbu ku Israel na mancaji rencana iyya maegangi ku rate..,paragraph_199,35169
ardi313,ardi,"Yede tannia misi terkoordinasi secara keseluruhan, nennia yanaritu misi sporadik iya lijama sibawa yamaneng biarawan Gaelik pole Irlandia sibawa pantai barat Skotlandia modern, iya berkontribusi laleng penyebaran agama Kristen sibawa pendirian monasteri-monasteri ki Britana sibawa benua Eropa ri Abad Pattenggangeng.",paragraph_200,103753
ardi314,ardi,"Paroses magguru materu terru pole Taurat sibawa Talmud wassele pengabdian lao ri Yudaisme iya naseng'e tau Yahudi de'na wedding tuwo na de'na gaga agamata, naekiya de'na pada na sadar'i iyae passaleng'e secara jelas lettu'na wettu perang salib, wettunna pada alena malewe dipakkasiwi untu mappile antara atuo-tuongenna sibawa teppe'na.",paragraph_201,25013
gadis001,gadis,"Yewe hale'-hale'e irita lalengna foto yero nafengre'e Annisa, sibawa Ani, Benena Agus yero tampil i fake kaing batik cello cella' sibawa kebaja' fute wettunna hadere' upacara pengre' bendera esso kemerdekaan RI beberapa taung laloe.",paragraph_001,120681
gadis002,gadis,"Sayangna, yewe taungnge irayakan Alleppereng sumpulolo SBY silengengni dessa gaga Ani.",paragraph_001,120681
gadis003,gadis,Makkungrai aseng aslinna Kristiani yero tutu' umuru' furana iteppu malasa kanker darah.,paragraph_001,120681
gadis004,gadis,"Namu Gareja Katolik mappunnai seddi doktring pura idefinisikang secara dogmatis ri dosa assaleng, naekiyya de naripannessa passaleng nasi’na ana’lolo-ana’loloe iyya depa ibaptis; para teolo’ yaleng abebasakeng untu’ musulkangngi maega teori sihubunganna iyyae passalengnge, magisterium Gereja bebasa’to untu’ matterima iyyare’ga tola’i.",paragraph_002,56065
gadis005,gadis,Kuburu tuhan Yesus Kristus sedang dibukka.,paragraph_003,13763
gadis006,gadis,Untu' pertamakalinya eddi mancaji di Yerusalem ketika mereka meluncurkan marmer kuburu tuhan Yesus.,paragraph_003,13763
gadis007,gadis,Saddang sangkakala diangkalinga na ellung mabbentu lingkaran.,paragraph_003,13763
gadis008,gadis,"Puji tuhan, fenomena yang dena naulle dijelaskang ancaji esso eddu di Israel, like pelik tafi tuju.",paragraph_003,13763
gadis009,gadis,"Melona siolong Sang Khalik Maha Pencipta, Kristiani Herawati Yudhoyono iyaregga irisseng Ani Yudhoyono, nasalei fappaseng secara husus lao kader sibawa fangurusu'na Partai Demokrat yero alena fatettongngi sibawa nafaloppoi.",paragraph_004,14166
gadis010,gadis,"Farellong faccappurengna Ani Yudhoyono yero mabbentu' fappaseng nafalettu' akki Kepala Divisi Komunikasi DPP Demokrat, Imelda Sari lalo pesang fonco' akki megae grup WhatsApp fangurusu' DPP Demokrat.",paragraph_004,14166
gadis012,gadis,"Purana yamaneng pemimpin keagamaan, politik,sibawa sosial mattama Kristen, cumpai tanggapan matedde pole maega tau, iyae makkibbu Ranavalona mancaji tappede mengkhawatirkan dampak Kekristenan terhadap politik sibawa budaya Madagaskar, sibawa alena tona merasa makkeda agama iyero makkibbu rakyat Madagaskar berpaling pole nenek moyang sibawa tradisi iyero.",paragraph_006,122442
gadis016,gadis,"Papile Cerasi ku uluna Pengangkatan Tubuh iyya yita manessa, naiyya uluna Santo Paulus na Santo Petrus iyyanaritu untu' makkai dua Rasul iyya punnai akkeguna parellu lanre ku lalengna Gereja Katolik Roma, padae iyyato mega missengi mancaji uluna kedonge kontra-reformasi iyya asilaingena iman na kemartiran.",paragraph_010,15760
gadis017,gadis,"Ku manessae, tabel-tabel kanon, naiyya gambara-gambara paroki Injil, parellu lanre laleng studi alopponge oki naskah ku periode Abad Patengang Pamulang, ku tegi iyyami cedde naskah iyya ipatahangi, na naskah iyya lebbi riolo matama' lebbi cedde gambara' naiyya naskah pole periode matuna.",paragraph_011,13038
gadis018,gadis,"Narekko provinsi iye miskin sibawa idi materru runtui stigma majae, padae bawang hinaan ero rituju lao ri Tuhan.",paragraph_012,120746
gadis019,gadis,"ero battuangna idi mebbere beban Tuhan, tandasna.",paragraph_012,120746
gadis020,gadis,Laonimai idi mengurangngi beban Tuhan sibawa najamai potensi iyae riwerengngi Tuhan lao ri idi sibawa madeceng.,paragraph_012,120746
gadis021,gadis,"Minimal idi dek paimeng riteppu sebagai provinsi miskin, provinsi macarepa, nasaba memang gereja sibawa pamarentah sama-sama majjama sibawa untu naatasi, tutupna.",paragraph_012,120746
gadis022,gadis,"Nazaret, kotaNazareth, kota onrong Yesus atau Nabi Isa Almasih nacappuri masa ana-ana, taung eddi merayakang Natal.",paragraph_013,105289
gadis023,gadis,"Wali Kota Nazareth Ali Salam, nabatalkang seluruh rangkaian Perayaang Natal, sebagai protes atau keputusang Presideng Amerika serikat Donald Trump yang manggaku Yerusalem sebagai Ibu Kota Israel.",paragraph_013,105289
gadis024,gadis,"Kota aro elo mafatuo Pohon Natal, tafi dena menggelar perayaan apapun.",paragraph_013,105289
gadis025,gadis,Alena lao sibawa siare surona gereja'e nennia ade'e untu' mappasadia surona Papua iyae matu engka ri upacara penobatanna Jokowi.,paragraph_014,38415
gadis026,gadis,"Nasaba' sukkuru'i nasaba' naalle Jokowi, naissenni alena waji'i massempajang lao ri Jokowi mancaji presiden terpilih narimakkuannanaro naullei pimpingngi Indonesia sibawa madeceng, naiyya nabarakkakiwi Jokowi.",paragraph_014,38415
gadis027,gadis,"Ri lalenna iyyaro bobbo’ e, engka paragraph iyya nateppui makkeda sila pammulanna Pancasila iyanaritu Ketuhanan Yang Maha Esa nennia rilambangkang i sibawa sewwa biccuing ulaweng massudu’ lima.",paragraph_015,10418
gadis028,gadis,"Iyyae sila e nabettuangi agama-agama maraja e ri Indonesia, iyanaritu Islam, Kristen, Buddha, Hindu, sibawa Ideologi Sekuler Sosialisme.",paragraph_015,10418
gadis029,gadis,"Kanon Katolik Roma sibawa Gereja-gereja Timur nacakup kitab-kitab yaro laesebbu deuterokanonika, yaro kega kewibawaanna laetentang okko Akiba ben Yusuf silaleng na perkembangan kanon Ibrani okko abad pertama; namo rekeng Akiba meto de' na natentang lae pake na pribadi kitab-kitab yaro sebagaimana alena meto biasa napake Kitab Sirakh.",paragraph_016,83331
gadis031,gadis,Kitab Musa yanaritu syatatan iyae lebbi lengkap fassaleng uki-uki Musa ri awal kitab Kejadian laleng Accanjingeng Itta.,paragraph_018,52972
gadis032,gadis,"Kitab Musa mallise maega doktrin na aggurung iyae tabbe fole Alkitab na mabbere informasi tambahan fassaleng rencana keselamatan, penciptaan bumi serta urusan-urusan Tuhan silong Adam na Henokh.",paragraph_018,52972
gadis034,gadis,"Alena mebbu kritik yaro matareng lokka prasangka-prasangka yaro makkokkoe muncul tentang keuntungan-keuntungan yaro riabbereang lokka manusia pole gereja, negara na distribusi harta punna yaro engkae, na pole aggurung-aggurung Yesus alena nasimpulkan atoran untuk de'na mewa na kutukan mutlak lokka yamaneng perang.",paragraph_020,126421
gadis037,gadis,"Seddi apologet kristen na filsuf Alvin Plantinga iyae maddukung teori perancangan macca maformulasikan ulang argumen denanamungkin eddi sebage argumen evolusioner mabbali naturalisme, iya nanyatakan makkedda iyaro dena rasional untu mattolak keberadaan perancang macca na supernatural nasabari kemungkinan kemampuan mattentu tabbentu liwa syidaha.",paragraph_023,127761
gadis039,gadis,Upacara pembaptisan ana-ana ki gereja Lutheran Upacara pengakuan dosa ki Gereja Katolik Ukraina Perayaan Ekaristi ki gereja Metodis Upacara pagala'i ki gereja Anglikan Upacara pentahbisan imang ki Gereja Ortodoks Rialau Pemahkotaan mempelai rilaleng upacara botting ri Gereja Katolik Suriah Malabar Upacara pengurapan tau malasa ri Esso Raba' Mapaccing.,paragraph_025,34003
gadis040,gadis,"Istilah aro syau lessi difake laleng Gereja Ortodoks Timur na Gereja Katolik Timur na terkadang iyaro analog fole monsinyur laleng Gereja Katolik, tafi laleng Gereja-Gereja Timur, seddi imam agung mappake jubah tambahan na seddi salib pektoral na kadang diakka molai seddi upacara liturgi.",paragraph_026,23201
gadis043,gadis,"Tau iya palettu' kareba, harusu' napalettu' kareba pole Allah; tau iya layani tau laing e, harusu' nalayani sibawa agalakeng iya pole we Allah, bara' ilaleng siningna gau' e, Allah wedding iagungkan lalo Yesus Kristus.",paragraph_029,118321
gadis044,gadis,Alena makkuasa na wedding ipakaraja untu' silampe'na etta.,paragraph_029,118321
gadis045,gadis,"Kehormatan pengurapan sibawa parfum yanaro tindakan yaro sangi' riteppu laleng literatur lainge pole yaro masae; ne, mappake gemme lampe' untuk rakkoi aje Yesus, mappada laleng Injil Yohanes na Lukas, de'na ricatat ri onrong lainge, na parellu rianggap sebagai tindakan yaro istimewa.",paragraph_030,92081
gadis046,gadis,"Namuni engka sadda-sadda laleng Dewan Signoria Venesia ye iyusulkang nare' pulau yero iyaleng sibawa passullenna  wilayah ri Dalmatia nennia hak-hak dangkang istimewa, harapang elo' engkana  bantuang pole negara-negara Kristen lainna napancaji Venesia maloppo ulu, nennia ultimatum Utsmaniyah to itola' mentah-mentah.",paragraph_031,13188
gadis047,gadis,"Hebraisme, sippada Helenisme, ianaritu salah seddi faktor pongpenting laleng perkembangan peradaban Dunia Barat; agama Yahudi, mancaji paddiolona pole agama Kristen, secara de' na langsung maega mabbere sumbangan lao akkibukeng nilai-nilai luhur sibawa akhlak bangsa-bangsa Barat sipongenna agama Kristen tattale' maloang ri puttanang Eropa.",paragraph_032,65272
gadis048,gadis,"Ku wettu Borgias, yarega wettu ku tegi silesurengna Borgia kuasai kepemimpinan Gereja, perang ku Italia mamula malanre ku tegi tentara-tentara nawajae Swiss mancaji pasukan garisi yolo tette untu' faksi-faksi iyya siewa - maderi untu' Prancis na maderi untu' taua Gereja yarega Kekaisaran Romawi Suci.",paragraph_033,93044
gadis049,gadis,"Jurnal penelaahan sejawat New Testament Studies iyya ipassu ku Cambridge University Press, paui agaga padangena iyya manessa ku agaga-agagana iyya terangkangi tanrangna alena na jamang Parakletos, sibawa aga iyya pura dinubuatkan untu' umat Kristen, iyyanaro nubuat iyya nacaritai Parakletos mancaji paberena Roh Kudus pasca-Paskah.",paragraph_034,111711
gadis050,gadis,"Naikiya nasaba' iyaro Allah namasei ka, bara' Kristus Yesus wedding nappitang siningna asabbarakeng-Na akku iya', tau iya paling madosa e he.",paragraph_035,38419
gadis051,gadis,Na iyahe mancajiwi seddi contoh untu' siningna tau e matu' melo' mateppe' akku-Alena na naruntu' tuo sejati na pulana,paragraph_035,38419
gadis053,gadis,"Agama Kristeng itentang ri laleng maega peristiwa iyya berhubungangnge pole assi antiklerikalisme bawang lettu' alluangeng assi kekerasang pappadanna assi dekristenisasi riwettu mattengnganna Revolusi Prancis, Ammusureng Rikkaneng Spanyol, na gerakang-gerakang Marxis mattentu, khususu'na Revolusi Rusia na penindasang umma' Kristen ri Uni Soviet ku rezim ateis.",paragraph_037,127230
gadis055,gadis,"Sebagai ana', Chaime mancaji pion ri laleng kekuatang politi' ri provence, di mana ambo'na maccoe terliba' laleng pertempurang menolong mubtadi' Kathar pole Albi nalawang pasukan Perang Salib Albigensia ye ipimpin oleh Simon IV de Montfor, Earl Leicester, ye nacobai untu' namusnahkan mereka.",paragraph_039,44808
gadis056,gadis,"Nah, Puang-puang yamanengna parellu misseng na yamaneng bangsa Israel to parellu missengi makkeda yae taue tettong makkokkoe sibawa batang kale malessi ri olona Puang-puang, nasaba' kekuatan na akuasangeng pole Yesus Kristus yaro tau Nazaret e.",paragraph_040,59162
gadis057,gadis,"Puang-puang pura nasalibkan yaro Yesus, tapi' Allah ta'ala purai napatuo Alena paineng",paragraph_040,59162
gadis058,gadis,"Iyaro daftar'e de'na riaseng'i parellui ri Gereja Katolik'e, nennia nasaba parellui Martin Luther, Gereja Katolik'e napinrai kanon'e ri Konsili Trente, iya purana napattentu paimeng kanon'e pole konsili-konsili riolo nennia natambai klausula anatema'e lao ri sininna usahana untu' napinrai isi kanon'e.",paragraph_041,120462
gadis059,gadis,Alena pun teta nallaleni rukun iman na Islam.,paragraph_042,98247
gadis060,gadis,"Namun, di padepokannya eddi, dena hanya diiseri oleh tau beragama Islam, agama laing pun dipersilakan maggabung.",paragraph_042,98247
gadis061,gadis,"Naikia sayang, Siswo  dena najelaskang mengenai ajaran fole kelompo eddi.",paragraph_042,98247
gadis062,gadis,"Trisula Weda merangkul yamaneng ajaran, di Trisula Weda  engka merangkul yamaneng, Hindu, Kristen, tau fole Bali todo engka todo, matterru Pasundan, Sunda Wiwitan, Jawa  Kejawen, komplit.",paragraph_042,98247
gadis063,gadis,"Kasus yede berkaitan sibawa tindakan mala paksa, iya lipegau' sibawa pemerintah Negara Gereja, lao salah seddi anak keluarga Yahudi ki Bologna, yanaritu Edgardo Mortara, iya nappa enneng taung umuru'na, atas dasar kesaksian seddi mantan pelayan keluarga Mortara makkeda Edgardo pura libaptis secara darurat wettu malasa wettuna biccu mupi.",paragraph_043,4786
gadis066,gadis,"Sibawa iya' ma'janci sibawa sungguh-sunggu untuk perhatikan, sibawa berdoa memohon bare' Pikiran iya to engka ki laleng Kristus Yesus yaro monro ki laleng idi', untuk nalakukan lao tau laing aga iya melo' bare' alena najama lao idi'; sibawa untuk bertindak penno kasih, adil, nennia murni.",paragraph_046,4285
gadis067,gadis,Okina pura ipake untu' mewai iyyagi tau Yahudi naiyta umat Kristiani.,paragraph_047,38045
gadis068,gadis,… makeda mappamula wettu iyyaro akewange na peperangan na asilolongeng-meja iyya magatti si-sulle na de' pettu-pettu cumpa ku kota iyyaro na ku yemaneng Yudea lettu pacapurengna ikepungi ku Vespasianus moloi.,paragraph_047,38045
gadis069,gadis,"Onrong iyae, monroi ri tange mattama sempit salo' kuniro Salo' Marne mengitari tanah berbatu, riwerengi aseng purana parit oppidum Celtic sibawa kemudian castrum Romawi; situs iyae riiseng laleng catatan pertengahan sebagai Castrum Bagaudarum, ri wettu yero Bagaudae mebbu reputasi sebagai penjaga umat Kristen pole siksaan Romawi.",paragraph_048,14611
gadis070,gadis,"Nappa Yesus no' pole yaro bukit e massama-samangi sibawa yaro rasul-rasul e, nappa pajai na tettong ri seddi onrong yaro malappa'e.",paragraph_049,115567
gadis071,gadis,"Akkero mai engka to maega loppo paccoe'-paccoe'-Na yaro lainge na maega tau yaro engka lettu pole tega-tega ri yamaneng Yudea, Yerusalem, na kota-kota Tirus na Sidon yaro ri wiring tasi'",paragraph_049,115567
gadis073,gadis,Indo’na guru matematika ri sikolang bunge’.,paragraph_051,114258
gadis074,gadis,Tatas Brotosudarmo iyanaritu appo gattungna Siwur pole KGPAA Mangkunegara I mangeppu KPH Poerbonagoro sibawa to appi wareng pole KGPAA Mangkunegara IV mangeppu BRAy Tondokusumo.,paragraph_051,114258
gadis075,gadis,Tatas Brotosudarmo botting sibawa Dr. Leenawaty Limantara.,paragraph_051,114258
gadis076,gadis,Tatas Brotosudarmo iyanaritu tau panrita Kristen Indonesia iyaro macca redormed injil.,paragraph_051,114258
gadis077,gadis,"Tuli hadere, akku penginjilan sibawa seminar kekeristenan.",paragraph_051,114258
gadis078,gadis,"Mangulang-ulang nappa sibawa megana cara ero bapa suci na pa tette ma pekko ero maneng tau ee harusuk tuo taat lao okko Yesus Kristus sibawa setia mengabdi na ma pake ating ero murni sibawa ating nurani ero mekanja ee, laleng na status tuo aregaa agaga aro ga ma pekko cara tuo religius agagi ero na pile we.",paragraph_052,29871
gadis079,gadis,Amerika Serikat dessa necce lalengna proses mappile yewe.,paragraph_053,114425
gadis080,gadis,"AS, dessa femeng nitai perang akki Asia Tenggara sebagai rufanna perang salib nalawang si majassifa', sibawa dessana femeng najampangi sitongengna wettu yolo yero fekkogi yero nelori rakyat akkewe.",paragraph_053,114425
gadis081,gadis,"Irita fole nafaue yero pemimpin akki Washington, yero mencaji masala fassaleng bawang atepperengna sekutu-sekutu AS lao jangci sibawa komitmen negeri yero.",paragraph_053,114425
gadis082,gadis,Jaji alena nasuroni pengiku'-pengiku' na alena akku Yesus sibawa siarega anggota golongan Herodes.,paragraph_054,118792
gadis083,gadis,"Tau-tau e ro napau akku Yesus, Pa' Guru, idi' misseng i makkeda Bapa' jujuru'.",paragraph_054,118792
gadis084,gadis,"Bapa' tapagguru de' ta' belle aga naeloki Allah untu' tau e, na de' tajampangi pendapa' na tau e.",paragraph_054,118792
gadis085,gadis,Nasaba' Bapa' de' ta ita i niga tau,paragraph_054,118792
gadis087,gadis,"Sile'ttunna ri be'nere liang lahat, prosesi pemakaman ripammulai nasibawai mabbaca riwayat hidup siba mabbbage penghargaan iye riterima Ani Yudhoyono.",paragraph_056,117697
gadis088,gadis,"Selanjutna, Jokowi nallippe'ssang kepergian benena untuk rimakamkan ri yawa naunge'ng bendera Ce'lla Pute.",paragraph_056,117697
gadis089,gadis,"Iya Presiden Republik Indonesia yase ase'ng negara, bangsa, siba TNI, nasibawai ewe mempersembahkan okko persada indo pertiwi jiwa, raga, siba jasa-jasa almarhumah Hj Kristiani Herawati Yudhoyono, kata Jokowi.",paragraph_056,117697
gadis090,gadis,Idi' sippada batu-batu iya tuoe.,paragraph_057,26859
gadis091,gadis,Nasaba' iyaro melo'na idi' melo' ipake untu' bangung Bolana Allah iya rohani.,paragraph_057,26859
gadis092,gadis,"Narimakkuanna naro idi' mancaji imang-imang, iya tuo khusus untu' Allah, na lalo Yesus Kristus persembahkan i akku Allaah, karoba rohani iya natarima akku atinna Allah",paragraph_057,26859
gadis095,gadis,"Tongengna, menuru' Kepala Bagian Humas Pemkot Surabaya Febriadhitya Prajatara nassakkareng kegiatan yero iyanaritu kegiatan baptis.",paragraph_060,24642
gadis096,gadis,Kegiatan lalengna yero videoe iyanaritu kegiatan silaturahmi sibawa yero rohaniawan se-Surabaya.,paragraph_060,24642
gadis097,gadis,Jaji idi' pastikan makkeda lalengna acada yero Bu Wali Kota iyello doangi bara' tuli madising sibawa tuli Ilingdungiwi Puangalataala.,paragraph_060,24642
gadis098,gadis,Dessa gaga acara laingnge silaingna yero.,paragraph_060,24642
gadis099,gadis,"Pitangi lao okko iya siddi tau ero lalo okko Injil yaro pura na runtu na pemeng pole okko kemabukan lao okko laleng kesadaran diri, pole okko kemarahan nah kegusaran ko laleng kesabaran diri, pole okko ketamakan lao okko kemurahan hati, pole cemar mulut lao okko laleng baik wicara, pole okko ketidaksenonohan lao okko laleng kesahajaan.",paragraph_061,86803
gadis100,gadis,"Atuongena atuonge relijius na pangkaukeng marilaleng pole Bernard pole Clairvaux na Fransiskus pole Asisi ku abad kasepulo dua na kasepulo tellu, masilong sibawa susangena maneng Salibis iyya lesu pole Tanah Suci, warengi atuonge devosi ku Carita Peddina Yesus Kristus.",paragraph_062,34667
gadis101,gadis,"Mareppe makkeda seddie kerajaang Nestorian ye lenynye'e engka ri bagiang timur, iyare'gi makkeda asalamakeng Negara-negara Tentara Salib tergantung akku seddie aliansi sibawa seddie tau penguasa monarki Timur, yenaritu salah seddi alasang bare' siare'-are' duta loppo nennia misionaris Kristen ikiring lao Mongol.",paragraph_063,13842
gadis102,gadis,Berikut kumparan mappasilolongeng.,paragraph_064,12281
gadis103,gadis,"Shandy Aulia De'na namaitta iye, Shandy Aulia mappuada mabbka puasa sibawa keluarga maraja sang ayah, Kemas Yusuf Effendy.",paragraph_064,12281
gadis104,gadis,"Mappada riissengngi, sipungenna Shandy umurunna tellu taung, tomatowanna massarang.",paragraph_064,12281
gadis105,gadis,"Shandy pura toi sibawa indo'na, Elsye Dopong, sibawa menganut agama Kristen.",paragraph_064,12281
gadis106,gadis,"Namakkuaniro ero, Tellu silessurenna makkunrai, Dian, Vivi, sibawa Putri, mancaji agama Islam pada-padanna ambo'na, Kemas.",paragraph_064,12281
gadis107,gadis,"Tata carana memuat ajakan untu' bertobat fole pastor, waktu doa hening yewe memungkinkan umat untu' mengakukan dosa-dosa mereka akki laleng hati, seddi bentuk pengakuan umum yewe diserukan sibawa fole yamaneng yewe hadir, sibawa pemakluman absolusi umum fole pastor yewe umumna isertai sibawa makibbu tanda salib.",paragraph_065,27751
gadis108,gadis,"Purana iyaro Yesus napau akku tau-tau e, Narekko seddi tau pole idi' maneng mappunnai seddi ana' iarega sikaju lembu iya mabuang e akku bujung e ri esso Sabat, de' ga na alena magatti' getteng i messu' ana' e ro iarega lembu e ro esso e ro?",paragraph_066,114424
gadis109,gadis,"Kitab-kita ya i pasingewang, ya tama e laleng seddi kanon namung de' na engka laleng ya laing e, sesekale yaseng apokrifa Alkitab, seddi adana ya tulli-tulli i pake secara macikke untu podang kitab-kitab laleng kanon Ortodoks nenniya Katolik ya de' gaga laleng Teks Masoret Yahudi nenniya megana Alkitab Protestang modern.",paragraph_067,19079
gadis110,gadis,"Maega pole Gereja-gereja iyyae de' natarima pikiri makeda engka seddi otoritas lainge ku seliwengna maneng paroki Kitab Suci iyya odding ku materu mului tau-tau Kristen lainge lalo otoritas ilahi iyya tongenge; purana Perjanjian Baru, makuro alena maneng paui, tange-tange pewahyuan pura itutu.",paragraph_068,120676
gadis111,gadis,Selleng pole Epafras.,paragraph_069,73265
gadis112,gadis,Alena pole to kalangeng ta.,paragraph_069,73265
gadis113,gadis,"Alena hamba Kristus Yesus, iya tuli millau doang marajing untu' idi' maneng.",paragraph_069,73265
gadis114,gadis,"Alena millau ladde' akku Allah bara' ateppekengta mancaji matedde' na idi' madewasa tongeng, bara' idi' sukku' tunru' akku elo'na Allah",paragraph_069,73265
gadis115,gadis,"Mega tau Kristen tama selleng untu' menghindari pajak jizyah yewe ikenakan akki mereka sebagai Dhimmi Konversi lo Selleng to membuka cakrawala baru untu' tau-tau Kristen asli, mengangkat posisi sosial mereka, menjamin kondisi kehidupan yewe lebih makessing, sibawa nafaloangi ruang lingkup kerja mereka akki jamang yewe lebih teknis terampil sibawa maju.",paragraph_070,14811
gadis117,gadis,Alena toh nerak umat Kristen ku Nagekeo kususna Nangaroro magguru tentang hal mapuasa fole umat Muslim ya wettude iyye lo laksanakan selana siuleng fenno.,paragraph_072,108652
gadis118,gadis,"Iya wakkeleki umat Khatolik fole Nangaroro naucapkan selamat ku umat Muslim ya lo tama uleng puasa, uleng ya suci sibawa fenno berkah sibawa idi berusaha untu ciptakan suasana damai sibawa tenteram, nafau.",paragraph_072,108652
gadis119,gadis,"Gereja naitanna sebagai seddi kejahatan serius yaro mancaji saba' iman, rennu, na kasih laleng alena tau lainge mancaji lemma, terutama rekko yae hal e rijama lokka anak-anak ato kaum lolo na pelakuna yanaro pribadi pole pihak otoritas mappada tomatoa, guru, ato imam.",paragraph_073,1526
gadis120,gadis,"LWF iyyato mengaui tellu Akengauna Iman Ekumenis -- Akengauna Iman Nicea, Akengauna Iman Rasuli, na Akengauna Iman Athanasius na akengauna-akengauna iman Gereja Lutheran, utamangena Konfesi Augsburg iyya depa isullei, naiyya Katekismus Beccu Martin Luther mancaji papanessa iyya mapacinge pole Firman Allah.",paragraph_074,20401
gadis121,gadis,"Dokumen iyyae maparengerang na pateddei undang-undang iyya pura yebbu ku yemaneng paus yolona ku aliwenge-aliwengena iyyaro, na iyyato paluangi lettukengna ku yemaneng tau loppona gereja iyya nullewe, untu' selewi hukuman iyya sibawai, maccue ku lalengna alelunge agaga-agaga linoe sibawa mapake aseng tau-tau beasae.",paragraph_075,26060
gadis124,gadis,Wettunna esso Sabat Alena mappammula mappagguru ri bola massompa.,paragraph_078,55427
gadis125,gadis,Engka maega tau akkuro.,paragraph_078,55427
gadis126,gadis,"Wettunna tau-tau e ro mengkalinga appaggurungna Yesus, alena heran ladde'.",paragraph_078,55427
gadis127,gadis,"Alena napau, Tegi pole iyahe tau e we naruntu' maneng i iyahe?",paragraph_078,55427
gadis128,gadis,Kebijaksanaan aga iyahe engkae akku ale-Na?,paragraph_078,55427
gadis129,gadis,Maraga carana alena runtu' keajaiban,paragraph_078,55427
gadis132,gadis,"Lalengna Gereja Perdana, yemaneng pajama peribadatan naiyyato yemaneng uluna jemaat, padae sidang jemaat iyya alena maneng matoroi, mapake waju beasa iyya beasa napake tauwe esso-esso ku negeri-negeri iyya ipacuei ku kebudayaan Yunani-Romawi, nemung alena maneng yellorengi mapake waju iyya mapacing na de' namarota ku esso-esso suci.",paragraph_081,17789
gadis133,gadis,"Iyya pade' malanre keadaana iyyanaritu tabukkana tongenge makeda Gereja missengi siare' pole imam-imam papegauna makarawa iyyaro, na ku pamulangna jampangi alena maneng sibawa cara mabelle missengi ejjae iyya alena maneng pegaui na palette jamangi alena maneng pole seddi jemaat jokka jemaat lainge naiyya baliwi maneng.",paragraph_082,97142
gadis134,gadis,"Nasabari iyya mancadi liwa lumpuh na dena naulle mabbisyara, iyya naulle mappasseddi ala silong maega tau lumpuh na tau fefe laleng Injil, bersyukur ase perawatan iyae fenno pappoji na cakap iyae iyya tarima serta ase harapan elo atuwong kekal ri laleng Kristus.",paragraph_083,22783
gadis135,gadis,"Obligasi perang yarega War bond iyyanaritu seddi obligasi iyya ipaengka ku seddi negara untu' mpajai perang Siare' perusahaan, bank, pemerintah na lembaga makuasa lainge odding napaengka obligasi laleng denominasi mata uang valuta asing lainge iyya yita lebbi tennang naiyya mata uang domestikna.",paragraph_084,92565
gadis136,gadis,"Riyolo ajajingeng ana’ worowanena, na purana arreddukeng emansipasi Yahudi ri Rhineland, Herschel lette’ agama pole Yudaisme untu’ maggabung sibawa agama negara Gereja Injili’ Prusia, massule aseng yolo pole Herschel iyya assalenna pole basa Yiddish mancaji Heinrich iyya assalenna pole basa Jerman.",paragraph_085,74857
gadis137,gadis,Siruntukeng ku onrong KH Zainal Abidi berlangsung kurang lebbi si jam.,paragraph_086,13205
gadis138,gadis,"Silaturahi yahe untu lebbi fstedde hubungan antar rufa tau sibawa pemeluk aagama, naseng Profesor Zainal Abidin.",paragraph_086,13205
gadis139,gadis,"Profesor Zainal nafau, hadere para tokoh sibawa pimpinan gereja yaro, nafatanrang anpe keterbukaan untu mabangun hubungan kekerabatan, silaturahmi antara tokoh agama laloi momen Idul Fitri.",paragraph_086,13205
gadis140,gadis,"Seniman muslim assaleng Kebumen, Jjawa Tengah, eddy Ruswanto, narancang na makkibua kolase Bunda Maria paling maloppo ri dunia iya takkibua pole maddatu sebbu lampa majalah na koran isekna berita passaleng kekerasan rumah tangga.",paragraph_087,7078
gadis141,gadis,"Kolase Bunda Maria Guadalupe iyaro itaro na ipamerkan ri Museum Mahanandi Jalan Raya Jemursari, Surabaya, selama uleng Desember sebagai bentuk akkuragana nasuarakan keberpihakan gereja okko makunrai na anak-anak.",paragraph_087,7078
gadis142,gadis,"Unur pura melo tulunge pole Saifuddin Ghazi I pole Mosul na Nuruddin Zengi pole Aleppo, na iyya cilalena mului seddi akewange ku kamp tentara salib; Tentara Salib ipatasoroi pole tembo' ku dare' bua-buae, ku tegi alena maneng magampangi nakenna akewange ikepungi na gerilya.",paragraph_088,96868
gadis143,gadis,"Nah, yaro kejadiange iyanaritu kiasan pole baptisan yaro makkokkoe alena maneng salamakangi iko maneng.",paragraph_089,55752
gadis144,gadis,"Yae baptisange taniani seddi upacara mappacakka batang kale pole yamaneng yaro rota'-rota', melainkan iyanaritu jancimu lokka Allah ta'ala pole ati nurani yaro mello.",paragraph_089,55752
gadis145,gadis,Yaro baptisange nasalamakangi iko maneng nasaba' Yesus Kristus pura tuo paineng pole amatengeng,paragraph_089,55752
gadis148,gadis,"Ri era iyae tarompo silong teppuang Penyimpangan Loppo, manakala Abad Pencerahan na Revolusi Ilmiah ri Lino Barat menimbulkan perubahan-perubahan loppo ri bidang kemasyarakatan, agama Kristen difangngolo ri siaga macam bentuk skeptisisme na ideologi-ideologi politik modern tertentu mappada sosialisme na liberalisme.",paragraph_092,104466
gadis150,gadis,"ku wettu mabarue, pura engka rupangna pangkaukeng untu' 'papajai' tabagenge iyya kajajiang; bangsana sibawa adana ku iyyaro Kristologis iyya yebbu ku Paus Yohanes Paulus II na Patriark Ignatius Zakka I Iwas, sirupa sibawa iyya napegau iyyaro wakele-wakelena Gereja Ortodoks Alau' na Gereja Ortodoks Oriental.",paragraph_094,11843
gadis151,gadis,"Ku wettuna iyyaro, Henry Crawford iyya sugie, magello gayana na linoe naiyya silesureng makunraina, Mary Crawford, engk ku bolana pendeta untu' monro sibawa Mrs. Grant, deng enya tongena alena maneng, purana sitaung ku Antigua, Sir Thomas nasuro Tom lessu cinampe paterui jamangna alena.",paragraph_095,61892
gadis152,gadis,"Engka mega klerus, fadae Gereja akki umumna, secara keseluruhan nanikmati gaya tuo mewah yero liwe kontras sibawa kondisi sebagiang loppo penduduk yero monro; ki tega kemewahan yehe ribiayai fole pajak-pajak gereja yero matanre na abbalukeng indulgensi yero berlimpah.",paragraph_096,106263
gadis153,gadis,"mega pendeta mapendidikan buruk, na doktrin-doktrin spiritual Gereja maderi riabaikan.",paragraph_096,106263
gadis154,gadis,@LusiHQ @RizmaWidiono Untu' iya umma Katholik perellu mallaporo Anies Baswedan sibawa Sandiaga Uno nasaba' purani nasolangi kesakralan Missa Kudus sibawa ero pelecehan lao Missa kudus umma Katholik.,paragraph_097,53178
gadis155,gadis,Alena maneng sitongenna perellu millau pertimbangan tentang ibadah okko gereja Katedral nappa tania serobot bawang.,paragraph_097,53178
gadis157,gadis,"Taleppesang pole indikasi laleng hukum kanon narekko ekskomunikasi otomatis dena berlaku okko makkunrai ero pigau aborsi nasaba rasa mitau ero maladde yarega nasaba masussa tane, Gereja Katolik, okko siliweng pabedang ero, najamin kemungkinanna pengampunan untu' sininna makkunrai ero purae pigau aborsi.",paragraph_099,2463
gadis158,gadis,"Nasaba alasang yewe jaji ipigaui penyimpanan elemen-elemen ye purae dikonsekrasi, biasanna laleng sedie tabernakel gereja, untu' pabbere Komuni Kudus lao tau malasae nennia nahadapi ajjaleng, nennia to untu' tujuang sekunder, namuni nulle opi iyanjurkan ladde, yenaritu napuja Kristus ye engkae laleng Ekaristi.",paragraph_100,127850
gadis159,gadis,"Esso Raya Santo Petrus na Paulus, yarega Acara Santo Petrus na Paulus, iyyanaritu seddi esso raya yarega acara liturgi untu' cuku ku kemartiran yemaneng rasul Santo Petrus na Santo Paulus ri Roma, iyya utamana ipegau ku Gereja Katolik Roma na Gereja-Gereja Alau' laleng ade' Bizantium.",paragraph_101,15059
gadis160,gadis,Maladde upaya saling masserang na saling bela keddi mancaji gejala laleng masyarakat Indonesia.,paragraph_102,16655
gadis161,gadis,"Habib Rizieq Syihab ero yang dihenni napimping demo aksi bela Islam, cappu nasaba nabela Al Quran furanna diduga dihinakan pole Ahok.",paragraph_102,16655
gadis162,gadis,"Kin sisumbe elo rifigau aksi bela Yesus, absus furanna ero diaseng mappigau nakkeddai kepada dogma ajaran Kristen okko Desember labe.",paragraph_102,16655
gadis163,gadis,"Maega tema iyya yakka lalengna puisi iyyae, banna iyya pong parellu iyyanaritu apojingena paladin Orlando ku putri pagan Angelica iyya de' ibali, makkuanaro nebbui Orlando jangeng; apojinge padana prajurit Kristen makunrai Bradamante sibawa seddi Saracen iyya asengna Ruggiero; naiyya perang ku Kristen mewa non-kristen.",paragraph_103,38404
gadis164,gadis,"Laleng magguru tentang mapuasa ku Muslim, Wilem naera umat Kristen untu mitai tellu nilai penting laleng mapuasa.",paragraph_104,61046
gadis165,gadis,"Ya bunge, puasa penting untu tuo magello sibawa sehat untu raga, maiga mello duang wettu mapuasa nasaba Fuang ya tentukang tuo idi sibawa tinnya idi alale, serta makebbu gello kususna mabbere sedekah jokka ku tau ya menderita, nafau.",paragraph_104,61046
gadis166,gadis,"Sibawa yangerangi matengena Kristus ku idi' maneng, idi' maneng odding punnai pikiri na papahange iyya malanre na mapacing, nasaba wettuta maneng pajanengi maraga solina iyya nawaja Yesus untu' mpajaiki manneg.",paragraph_105,67542
gadis167,gadis,Iyyanaro wettu iyya magello untu' mitai keadaana atie na asilongeta maneng sibawa padata.,paragraph_105,67542
gadis168,gadis,Tujuanna yanaro untuk buktikangi apagah iko maneng mattongeng-tongene mateppe lokka Puang ato de'.,paragraph_106,14327
gadis169,gadis,"Ulaweng yaro mulle masolang to, riuji sibawa api.",paragraph_106,14327
gadis170,gadis,"Nah, iman iko maneng yanaro lebbi berharga pole ulaweng, jaji parellu riuji to supaya mancaji teguh.",paragraph_106,14327
gadis171,gadis,Dan sibawa makkero iko maneng elo' ripoji na rihormati sibawa ripatanre akko essona Yesus Kristus engka lettu paineng,paragraph_106,14327
gadis173,gadis,Gereja Katolik Roma secara khusus na palettukeng kritikan na lao okko tudingan ma kad aero pelleng nge engka ni okko luarak konteks na pakkecubbuang na laleng na dua sebbu taung masalah Piala Suci ero sebenar na sibawa konsep ma kada Yesus Kristus sibawa Maria Magdalena botting nappa na punnai siddi anak ma kunrai.,paragraph_108,112771
gadis174,gadis,"Menuru’ Gereja, tindakang seksual iyyanaritu mapaccing ri laleng relasi lakkai-baine iyya nacermingkang seddi anugera timbal-bale’ sipongeng tuo na lengka’ antara seddi burane na seddi makkunrai, seddi passaleng iyya halangiwi poligami na pergundikang jaji mancaji umung laleng budaya-budaya riyolo hadere’na Kekristenang.",paragraph_109,56088
gadis177,gadis,"Frederick II, Kaisar Romawi Suci, purai maccurita-curita rilaleng Perang Salib Kelima, nasuroi tentara pole Jerman, naekiya de'na naccue'i tentara'e secara langsung, namuni engka dorongang pole Paus Honorius III na nainappa Paus Gregorius IX, nasaba parellui nakonsolidasikan posisina ri Jerman sibawa Italia riolona maccurita-curita.",paragraph_112,45646
gadis178,gadis,"Iyyae pong Isai modereng mawwuju’ seddi poster iyyare’ga pong tongettongeng iyya ipasang ri gereja iyyare’ga ri bolae, na silampe wettu Adven ibeloi sibawa lambang-lambang mattentu sebagai wakkele’ rangkaiang kissa-kissa iyya cappue sibawa kissa ajajingenna Yesus, untu’ kepentingang pendidikang agama anana’e.",paragraph_113,24762
gadis180,gadis,"Baik Gereja Katolik Roma nennia Gereja Ortodoks Timur naakui pitu Konsili ri taung-taung pammulang Gereja, nennia Gereja Katolik to naakui seppulo eppa konsili iya lihimpunkan ri taung-taung purana sibawa Paus, iya otoritasna litolak siabwa Gereja Ortodoks Timur apa'na alena naanggap Roma wettu yede engka ki laleng skisma.",paragraph_115,27565
gadis182,gadis,"Wettunna Yesus engka ri Betania, ri bola Simon yaro riolo nakenna lasa uli' yaro bahayae, seddi makkunrai engka lettu lokka ale-Na.",paragraph_117,49066
gadis183,gadis,"Alena mattiwi' seddi botolo' pualam lise'na minynya minynya yaro masoli', riebbu pole ure' mabau'.",paragraph_117,49066
gadis184,gadis,"Wettunna Yesus tudang manre, yaro makkunraie nareppa'i yaro botolo'e na natuppa'i yaro minynya minynya'e lokka ri ase' ulunna Yesus",paragraph_117,49066
gadis185,gadis,Idi' taisseng makkeda Allah purani napile Yesus tau Nazaret e ro nabbereang akku-Alena Roh Allah na kuasa.,paragraph_118,46142
gadis186,gadis,"Idi' taisseng to makkeda Yesus jokka akku tegi-tegi untu' pigau' deceng; Alena napapaja siningna tau iya nakuasai e ibellisi', nasaba' Allah sibawai Alena",paragraph_118,46142
gadis187,gadis,"Laleng seni rupa, Hieronimus malessi ditampilkan sebage sala seddi fole eppa Gereja Latin, massama-samang silong  Agustinus fole Hipo, Ambrosius, na Paus Gregorius I. Sebage rohaniwan iyae terkemuka fole Gereja Roma, alena malessi secara anakronistis digambarkan laleng busana khas kardinal.",paragraph_119,74218
gadis191,gadis,"John Polkinghorne, seddi imang Anglikan sibawa fisikawan to, laleng bo'na iya judulna Questions of Truth, nabahas hal-ihwal hubunganna antara agama sibawa ilmu paddissengeng, ianaritu poko' bahasanna iya to pura nadalami akku ahli-ahli apologetika Kristen lainna sippada Ravi Zaharias, John Lennox, sibawa William Lane Craig.",paragraph_123,2050
gadis192,gadis,"Tanpa mancaji dogmatis loppo bangsana Calvin, to de'na jenius kreatif laleng lino keagamaang, Beza mappunnai kualitas-kualitas ye naibbuai terkenal mancaji humanis, penafsir Alkitab, orator, nennia pemimping laleng urusang agama nennia politi', sibawa berkompeteng mancaji pemandu kaum Calvinis ri yemaneng Eropa.",paragraph_124,40624
gadis193,gadis,"Sebagian loppo penduduk Kristen ri Konstantinopel umpa mattolak persekutuan silong fangngala kekuasaan, na matterru mangngadakan kebaktian agama alena, lebbi maega iyae dihadereri darifada gereja-gereja, ri udara tabbukka ri hirinna kota, angkenna aseng Krisostomus mala ondrong ri register na laleng doa-doa fole gereja Konstantinopel.",paragraph_125,124796
gadis196,gadis,"hai pakkanre bawi nappa arope-arope roti, aceh ero khusus..",paragraph_128,72268
gadis197,gadis,dega mu pahang tentang ero..,paragraph_128,72268
gadis198,gadis,perellu ga ero aceh macciori budaya bawi mu nappa mario ko..,paragraph_128,72268
gadis199,gadis,"ajana mega bacot, iko laginna kristen, maga meloko campuruki masalah aceh ero napakewe aturan selleng..",paragraph_128,72268
gadis200,gadis,beleng,paragraph_128,72268
gadis201,gadis,"Manurut seddi teolog Kristen, Gordon J. Wenham, akkatta hukum kosher iyanaritu untu mabbantu tau-tau Yahudi napertahankan engkana iyya silaingeng nenniya massarang pole bangsa lainge; alena makkedai iyaro hukum mabbawai pengaruh untu mappeddarang'i sosialisasi sibawa abbotingan sigaruwi sibawa tau dek-Yahudi, iyyae untu mencegah ateddekenna identitas Yahudi.",paragraph_129,58622
gadis203,gadis,"Het Rijke Roomse Leven peccu sebagai assele' sorongan emansipasi penduduk Katolik yaro makurang beruntung na ridukungi sibawa pilar Katolik Roma, yaro ripangngolo sibawa yamaneng ulama na tania bawang naliputi gereja, tapi' to sikola-sikola Katolik Roma na rumah sakit yaro riurusu'e sibawa biarawati.",paragraph_131,42293
gadis204,gadis,"Iyae napak tilas rijelloreng lao to Kristen iya massappae rute ziarah napaulle lao pengalaman lebbi mariale pole Galilea sibawa situs pole atuongenna Yesus, naekkiya masseddi sibawa situs-situs bersejarah pole era mallaisengnge, situs-situs suci pole agama-agama laingnge, situs alam, panorama mempesona sibawa hiking lao pada alena iya massappae tantangan fisik.",paragraph_132,15272
gadis205,gadis,"Naseng teori iyyae, Gihon laleng Alkitab padai onrongna sibawa Karun ku Iran, na Salo Pison padai onrongna sibawa jaringan salo Wadi Batin iyya pura isolori uwwai banna makukuae marakko, banna seddi wettu riolo iyyanaritu bagenge parellu pole Semenanjung Arab iyya yasengi makessing.",paragraph_133,34559
gadis206,gadis,Akki Pakistan calalena beberapa ronta' kejadiang lalengna hubungenna sibawa aliran yero.,paragraph_134,99467
gadis207,gadis,Fammulangna fole sala-sedddi rekomendasi Konperensi Organisasi-Organisasi Selleng Seddi-Lino akki Mekah -- yero nafaui Ahmadiyah Qadiani sebagai jemaat yero engka akki saliweng agama Selleng kelompok mayoritas akki Pakistan natuntu' lao Presiden.,paragraph_134,99467
gadis208,gadis,PM Ali Bhuto bara' untu' jabatan famarenta sibawa militer porsi kaum Qadiani ifasippada sibawa statusna alena.,paragraph_134,99467
gadis209,gadis,"Sarjana David E. Aune berargumen makkedda kitab-kitab Injil dipolakan mappada biografi-biografi klasik Yunani-Romawi, na gunanna istilah apomnemoneumata oleh Yustin maccakup iya maneng kitab-kitab Injil naulle difahang sebagai rujukang lao ri biografi tarrukki mappada Memorabilia Xenophon afa kitab-kitab aro melestarikan ajarang aslinna Yesus.",paragraph_135,24000
gadis210,gadis,"Untu' siaganna tau Kristen, nubuat iye ritepperi pura rigenapi sibawa ahaderekengna Yesus Kristus pole Nazaret na pengajaran-Nya ri Bait Suci engkae ripugar akki raja Herodes na damai engkae rianugerahkan Allah untu' sininna umat manusia sibawa ta'bagena tirai engkae mabatasi Ruang Mahakudus ri wettu matena Kristus.",paragraph_136,127215
gadis211,gadis,"Dua bait parellu de' nengka lipake, yare'ga kurang pole sitengga bait iya liyala.",paragraph_137,74881
gadis212,gadis,"^ Alessia Fassina nanyatakan makkeda garrula anus iya liteppu sibawa Hieronimus sitongenna yanaritu Melania si Toa, sibawa Sigrid Schottenius Cullhed berpendapat makkeda Hieronimun se' napedang tentang tau tegapun, nennia lebbi lao gaya tau iya de' sejalan sibawa kotbah Injil.",paragraph_137,74881
gadis214,gadis,"Angkalingai perumpamaan yaro seddie paineng, ada Yesus.",paragraph_139,16872
gadis215,gadis,Seddi tau puang tanah natanengi sielle' dare' anggur.,paragraph_139,16872
gadis216,gadis,"Alena mappasang sappo ri sekelilingna, na makkae' kalibbong untuk pakkakkasa' papperra anggur, nappa mappatettong menara jaga.",paragraph_139,16872
gadis217,gadis,"Purana yaro nasewakan yaro dare' anggur e lokka paddare'-paddare', nappa mangnguju lokka negeri laing",paragraph_139,16872
gadis218,gadis,Tolkien Way ku Stoke-On-Trent iwarengi aseng pada sibawa aseng ana' urane J.R.,paragraph_140,73065
gadis219,gadis,"R. Pastor John Francis Tolkien, iyya pura mancaji imam iyya majama ku Gereja Katolik Roma iyya de' namabela pole kuro yanaritu Our Lady of the Angels na St. Peter in Chains.",paragraph_140,73065
gadis222,gadis,"Umat Kristiani, menurut para pemikir aro, seharusna massalai abiasang iyae bergantung ri para narasumber Yahudi na mappigauri arrekengang sendiri untu mappattentu huleng aga iyae diteppu Nisan, menetapkan Paskah sesuai perhitungan independen eddi, Nisan Kristiani, iyae elo malessi menempatkan perayaan aro furanna ekuinoks.",paragraph_143,25730
gadis225,gadis,"Laleng gereja beccu engka rupangna fresko ebbuna seniman-seniman Abad Patengang Pacapureng, yanaritu Cimabue na Giotto; laleng gereja loppo engka fresko-fresko carita atuongena St Fransiskus iyya pamulangna yasengi mancaji ebbuna Giotto, banna makukuae yasengi mancaji ebbuna seniman-seniman laleng kalompo' Pietro Cavallini pole Roma.",paragraph_146,120241
gadis226,gadis,"Posisi minoritas diwakili fole edisi The Greek New Testament According to the Majority Text oleh Zane C. Hodges dan Arthur L. Farstad yewe berpendapat makeda jenis teks Bizantin iyanaritu jenis teks yewe lebih fammulang dibandingkan sibawa teks Aleksandria, nasaba fura engka laleng tulisan para Bapa Gereja defana mompona teks Alexandria.",paragraph_147,20126
gadis228,gadis,"Menuru' Katekismus, akkibburukengna tau iya matewe na ianaritu seddi paggaukkang pammase iya harusu' e ipugau' akku alalena sibawa horma' na pammase jaji paratte'-paratte' sippada pamali' awu tau mate iya ikremasi sibawa akkibburukeng ri kibburu' de' e gaga tanrang na yacciang laleng Gereja Katolik.",paragraph_149,87199
gadis230,gadis,Irman iyanaritu ana’ burane Minangkabau tomaanna Gusman Gaus sibawa Janimar Kamili.,paragraph_151,211
gadis231,gadis,"Ambo’ na pura menjaba’  mancaji Rektor Universitas Muhammadiyah Sumatera Barat, naikiya indo’ na iyanaritu ana’  pole pabbalu ulaweng iyaro mattujung.",paragraph_151,211
gadis232,gadis,"Irman na selesaikangngi asaikolangna sarjana akku Fakultas Ekonomi Universitas Kristen Indonesia, sibawa runtu’ patellareng Master of Business Administration pole Graduate School of Business, University of Bridgeport, Connecticut, Amerika Serikat.",paragraph_151,211
gadis234,gadis,"Selama periode yaro mappadae Apokafkos to peccu, sibawai sibawa Dimitrios Chomatinos na Georgios Vardanis, sebagai sala seddi pendukung terkemuka Epirus kemerdekaan politik na gerejawi pole Kekaisaran Nicea, ri tega Patriark riasingkan Konstantinopel monroi purana iyaro kotae meddu lokka Tentara Salib.",paragraph_153,114598
gadis235,gadis,"Ana' urane na ana' makunrai pole seddi hamba iyya itikkeng mennau iyya lari ku gereja, itiwi massu na ipabuta, rekko alena maneng umuru'na sepulo taung yarega kurang, melo ipaleppe; banna ku alena maneng lebbi macua pole sepulo taung alena maneng melo ipancaji budak na lenye yemaneng waramparanna maneng.",paragraph_154,73352
gadis236,gadis,"Nainappa Yesus nacciang tau e ro caritang hale' e ro akku nigi-nigi, Na-seng, Jokkani akku imang, na millau alena untu' pannessai idi' pajani.",paragraph_155,66715
gadis237,gadis,"Nainappa jokkani persembahkan karoba sippada iya iparentangeng Musa, mancaji butti akku tau-tau makkeda idi' tongeng-tongeng pajani.",paragraph_155,66715
gadis238,gadis,"Alkitab purani naita riolo makkeda Allah napaullei tau-tau tania e Yahudi makanja' paimeng sibawa Allah, narekko alena mateppe' akku-Alena.",paragraph_156,58269
gadis239,gadis,"KAreba makanja' e ro yappudang i yolo' akku Abraham ilaleng na jancie e he, Lalo akku idi', Allah nabarakkakiwi siningna umma' tau e ri lino e we.",paragraph_156,58269
gadis241,gadis,Alena nullei patennang ki wettutta masara.,paragraph_158,4161
gadis243,gadis,"Memeng iko mi mapikiri agguruang Kristen ero makkadae tau-tau non Kristen laiyasenge domba sesat, ero dena menghina?",paragraph_159,92728
gadis244,gadis,"Coba deh sebelum luppe palla ko lebbi mabela, cek nappa analisa agguruang-agguruang Kristen ero tania bawang menghina, Kristen mallise ajaran cabul toi ero dena pantas laiyasenge mancaji kitab suci",paragraph_159,92728
gadis245,gadis,Maka alena maneng na Paulus napa'tentu seddi esso untuk siruntu'.,paragraph_160,19988
gadis246,gadis,Akko yaro essoe maega tau engka lettu' lokka onrong monrona Paulus.,paragraph_160,19988
gadis247,gadis,Pole ele' lettu araweng Paulus naterangkan na akkarebang lokka alena maneng kareba tentang pekkoga Allah ta'ala mapparenta sebagai Raja.,paragraph_160,19988
gadis248,gadis,"Sibawa mappake ayat-ayat pole Bobbo Musa na Bobbo Nabi-nabi, Paulus mangngusaha mebbu alena maneng mateppe tentang Yesus",paragraph_160,19988
gadis249,gadis,"Uskup-uskup Katolik Timur odding maccueri rupangna heraldik Gereja Roma, iyya napitangi topi gerejawi makupel mapance na wiringna malebba, nemung perisaina lalena maderi igambara' maccueri rupangna heraldik Bizantin, na ku naipatngi silongna makkuanaro modele' silongna padae sibawa silongna iyya ipake lalengna ibadat nasene ritus maengna.",paragraph_161,16595
gadis250,gadis,"Novel eddi maccaritang simbolog Robert Langdon na kriptolog Sophie Neveu furanna seddi peristiwa pembunuhan ri Museum Louvre ri Paris, sisenna alena mancadi terlibat laleng ammusureng antara Biarawan Sion na Opus Dei terkait kemungkinan makkedda Yesus Kristus nabottini Maria Magdalena.",paragraph_162,71982
gadis252,gadis,"Sure'ku yaro ponco'e iya' uki' lokka iko sibawa bantuanna Silas, yaro iya' anggap seddi sessureng Kristen yaro setia.",paragraph_164,3673
gadis253,gadis,Yaro elo' mabbere sorongan lokka iko na yakinkangi iko maneng makkeda aga yaro iya' uki' yae kareba yaro tongenge tentang rahmat Allah ta'ala.,paragraph_164,3673
gadis254,gadis,Parelluni iko maneng makkatenni teguh akko yaro rahmat e,paragraph_164,3673
gadis255,gadis,"Ammusungeng Husite, iyyato riteppui Ammusungeng Bohemia iyyarega Revolusi Husite, iyyanaritu konflik iyya langsunggi antarana kelompok Husite mewai raja-raja Eropa iyya meloi passai wewenang Gereja Katolik Roma ase kaum Husite; rupanna faksi Husite iyyato sibali berseteru, uttamana kelompok Utraquis iyya tentanggi Husite sibawa tau Katolik.",paragraph_165,107366
gadis256,gadis,"Duanna engka akku Sir Leigh Tebing, tau ahlu Piala Suci iyanaritu sibangna Landing, iyaro na klaim makkada Piala tania siddi onroang naikiya Maria Magdalena, tongeng-tongeng mattampu sibawa bene pole Yesus Kristus, sibawa piala iyaro ibentuk untu’ na lindungi abbattirengna alena.",paragraph_166,110108
gadis257,gadis,"Lembaga-lembaga iye engka massemang-semang untu' napunnai dampak maloppoe ero alena nulle ri wilayah ero sibawa dena malejja siddi sibawa lainna jari-jari ajewe, tetapi mateppe' narekko sininna organisasi nulle pigau bageanna alena laleng napappura tugas mabbawa Alkitab lo wilayah linoe ero.",paragraph_167,24581
gadis259,gadis,Idi' maneng sangi' massukkuru' lokka Allah ta'ala nasaba' Saudara yamanengna.,paragraph_169,51999
gadis260,gadis,"Setiap idi' maneng millau doang lokka Allah ta'ala na Bapa'ta, idi' maneng sangi' mingngerrang manengko.",paragraph_169,51999
gadis261,gadis,Idi' maneng sangi' millau doangko.,paragraph_169,51999
gadis262,gadis,"Idi' maneng mingngerrangi pekkoga ikko maneng ma'jellokangi laleng kedo makkeda iko maneng mateppe lokka Kristus, pekkoga iko maneng mammaseangi tau laing gangkenna mulayani manengi, na pekkoga iko maneng rennuangi sibawa kejje lokka Puangta' Yesus Kristus",paragraph_169,51999
gadis265,gadis,Alena lo madepungeng ku alun-alun kota sibawa manre masibawa penduduk Kristiani sibawa laleng seddi meja lampe.,paragraph_172,80384
gadis266,gadis,Saling sisapa laleng suasdana ya hangat sibawa mmangkelinga alunan elong fole orkestra Bulgarian folk.,paragraph_172,80384
gadis267,gadis,"Festival yahe ih anggap tinnya bawang wedding tambah semarak allepereng bawang, tapi toh fatedde hubungan ataragama serta sikap saling toleransi.",paragraph_172,80384
gadis268,gadis,"Karya-karya riyoki e ladde ihargai kui Bapa-Bapa Gereja furana, baik ri Gereja Barat namoni ri Gereja Timur, ya wedding irita betapa isi karya-karya iyoki yero mappitangngi bakti ya maloppoi lao Sang Firman ya mancaji tau, perhatian ya maloppoe lao urusan-urusan pastoral, sibawa minat ya maloppoe lao monastisisme.",paragraph_173,61720
gadis270,gadis,Jaji Ananias jokka toni lao bola e ro na nataro limangna ri yase'na Saulus.,paragraph_175,83435
gadis271,gadis,"Sulengsureng Saulus, naseng Ananias, Puang Yesus iya Sulengsureng taita ri tengnga laleng wettunna Sulengsureng lao akkuhe, Alena na suroka engka bara' Sulengsureng wedding makkita paimeng na ikuasai akku Roh Allah.",paragraph_175,83435
gadis272,gadis,"Yolona, ku pamulang aha' iyyaro, iyya mabaca okina Lukas macarita kajajiang ancajingena Yesus, na iyya upajenengi makeda ku esso Natal iyya pamulang iyyaro de' nengka acara, hadida, na anre loppo bangsana iyya idi' maneng pegaui makukuae.",paragraph_176,28876
gadis273,gadis,"Banna iyya manessae, ku rate engka asembange.",paragraph_176,28876
gadis274,gadis,"Jaji tau-tau iya purae isogo' ro makkedani akku Yesus, Pa' Guru, idi' misseng i makkeda siningna iya Bapa' pau sibawa pagguruang e ro coco' i.",paragraph_177,10014
gadis275,gadis,"Idi' misseng toi Bapa' mappagguru na terus terang aga naeloki Allah untu' tau e, nasaba' Bapa' de' ta ita tau",paragraph_177,10014
gadis276,gadis,"Bahwasanya pihak-pihak iyae terlibat laleng dialog fassaleng isu aro mallaineng, siullena mungkin, isu-isu teologis fassaleng asal usul Roh Kudus fole isu-isu eklesiologis fassaleng primasi na otoritas doktrinal laleng Gereja, bahkan ri hettu iyya mabbahas kedua permasalahan aro silong toneng, secara massama-samang.",paragraph_178,89409
gadis277,gadis,"Injil Sinoptik adalah Injil Perjanjian Baru laleng Alkitab ero leroki’ okko Matius, Markus, siba Lukas.",paragraph_179,8518
gadis278,gadis,"Injil sinoptik marepe’ladde roki kisah ero pada tentang Yesus, namun sibawa penjelasan siba lampe’ ero berbeda, namun mapunnai urutan ero pada siba mega mapake kata ero pada.",paragraph_179,8518
gadis279,gadis,Kemiripan ko antara tellu buku tersebut macawe ladde sehingga mega peneliti ero tandai sebagai masalah sinoptik.,paragraph_179,8518
gadis280,gadis,"Nasaba' yaro Yesus makkeda lokka alena maneng, Matu' rekko iko maneng pura mupatanrei Anak Tau, iko maneng mulle missengi makkeda 'Iya'na Alena yaro riteppu IYA ENGKA', na iko maneng melo' missengi makkeda de'gaga seddi agaga yaro Kujama pole ale-Ku tommi.",paragraph_180,16876
gadis281,gadis,Iya' bawang paui aga yaro ripagguru Bapak lokka-Iya',paragraph_180,16876
gadis282,gadis,Tuanku Abdullah Saleh ero iyenaritu tau pendeta siddie ulama ero maloppo ladde perhatianna lao ilmu Tasawuf jaji kitab Hikam Ibnu 'Athaillah alena hapala okko siliweng ulunna.,paragraph_181,48733
gadis283,gadis,"Alena toi tau macca ahli ade', jaji tania bawang urusan agama ero nakkutang tauwe lao alena, bahkan urusan ade' toi.",paragraph_181,48733
gadis284,gadis,Agguruang Imam Al-Ghazali tentang khalawat laiyanre ladde pole alena.,paragraph_181,48733
gadis285,gadis,"Yesus ma'jawab, De'pa mu engka manengka ma'baca aga yaro rijama Daud, wettunna Abyatat bertugas i mancaji imam agung.",paragraph_182,18838
gadis286,gadis,"Wettu Daud ma tau-taunna malupu', na de'na mappunna anre, alena mattama' lokka Bola Puang, na manre roti yaro pura ripersembahkan lokka Allah ta'ala.",paragraph_182,18838
gadis287,gadis,Na yaro rotie riabbereangna to lokka tau-taunna.,paragraph_182,18838
gadis288,gadis,"Padahal menurut agamata', imam-imam bawang yaro mulle manrei yaro rotie.",paragraph_182,18838
gadis289,gadis,"Naekiyya, suku Vandal makkareso sipungeng siare’ dekade untu’ nappassang atepperenna Arianna lao raya’ Nicea Afrika Utara iyya engka ri yawa akuasangenna, naasingkangngi para klerus Nicea, napabubara’i biara-biarae, na mabbere tekanang matane’ lao umma’ Kristen Nicea iyya denasilaras sibawa alena maneng.",paragraph_183,118696
gadis290,gadis,"Missenggah idi tofi kerucut taung baru tanda selleng fura murtad, tofi taung baru yg mabbentu kerucut ternyata yanaritu tofi dengan bentu yang di difau sanbenito.",paragraph_184,128436
gadis291,gadis,"Yakni tofi yg difake selleng Andalusia untu natandai narekko alena fura murtad, diaha penindasan gereja Katholik Roma yang menerapkan inkuisisi Spanyol.",paragraph_184,128436
gadis292,gadis,"Tau ero dena manessa agamana, mita photo lakkai baine sedang makkatenni persilahkan santapan ulu bahi di ase mejang manre na nacoeri peribadatan digereja.",paragraph_185,103152
gadis293,gadis,"Tau pekkeddi elo diakka jaji gubernur Sumut, bafa Djarot asli selleng ambisi elo jaji gubernur Sumut sedia makkelong koor kebaktian di gereja, tergadai agama nasaba elo jaji pemimping, di tikkenang layar pesang yang nakirinang melalui WhatsApp.",paragraph_185,103152
gadis295,gadis,"Pengkalingae naulle napahangi pappaseng pole Tuhan barue secara kiasan lao ri Aeschylus The Eumenides; ironi naulle pappada Eumenides de'na gaga Tuhan baru naekiya Erinyes ri laleng bentu baru, pappada to Tuhan Kristen'e de'na gaga Tuhan baru naekiya Tuhan iya nasompa tau Yunani'e riyaseng Allahtaala iya'e de'na riisseng.",paragraph_187,59999
gadis296,gadis,"Komunitas gabungan ewe gelar buka puasa bersama sibawa anak-anak panti asuhan Al Ikhwan, Kelurahan Kombos, Kecamatan Singkil, Kota Manado.",paragraph_188,97630
gadis297,gadis,"Selain buka puasa bersama, siba leyaleng santunan ero merupakan sisihan rejeki pole para pengusaha online, pengemudi Gojek siba anggota Jeep Manado Siaap.",paragraph_188,97630
gadis298,gadis,"Idi pole umat kristiani peduli, umat muslim peduli.",paragraph_188,97630
gadis299,gadis,Iyena idi Indonesia.,paragraph_188,97630
gadis300,gadis,"Siare'-are' kritikus makkeda narekko' Gereja nennia ajarang-ajarang pole St. Paulus, para Bapa Gereja nennia teolog skolastik napelihara seddie gagasang makkeda inferioritas makkunrai itetapkang secara ilahiah, kendati ajarang resmi Gereja naita kaum makkunrai nennia kaum orane pappada, de' napada, nennia saling melengkapi.",paragraph_189,39734
gadis305,gadis,"Menurut kisah legenda, Yusuf na Maria rifaleppang akki wettu larinna ri laleng ale belukar; ana lolo Yesus wedding naperintahkan fong untu' mabukku' akki yawa lettu Yusuf wedding mala buahna na nappa memerintahkan wai fole mata wai menyembur akki saliweng fole ure jaji tomatoanna yero wedding memuaskan dekka mereka.",paragraph_194,12967
gadis309,gadis,Pidato pelantikanna dessa nakesankan.,paragraph_198,61111
gadis310,gadis,"Yero nulle nengngerangngi tauwe iyanaritu makkeda alena, tau Kristen salih fole Georgia yewe, iyala fole Wasiat Lama, akki nafaue Mikah fassaleng keadilan, belas-kasih sibawa mecce atinna.",paragraph_198,61111
gadis311,gadis,"Menuru' ceritana calalena nappa, alena sitongengna melo malai adanna Sulaiman - fassaleng farellunna rakyat fameccewi atinna, marellodoang, sibawa giling fole ampe kedo majassifa'na alena.",paragraph_198,61111
gadis312,gadis,Ramiz Jaraisy iyya iyyato matama' seddi tauna Kristen Palestina materangka iyyae pelenge iyyanaritu ebbu iyya parelly iyya nacaritange kajajiang iyyaro pole akitang tauna Kristen Palestina mancaji papasilainge na silainge sibawa modele' iyyae carita iyya yebbu ku Israel na mancaji rencana iyya maegangi ku rate..,paragraph_199,35169
gadis313,gadis,"Yede tannia misi terkoordinasi secara keseluruhan, nennia yanaritu misi sporadik iya lijama sibawa yamaneng biarawan Gaelik pole Irlandia sibawa pantai barat Skotlandia modern, iya berkontribusi laleng penyebaran agama Kristen sibawa pendirian monasteri-monasteri ki Britana sibawa benua Eropa ri Abad Pattenggangeng.",paragraph_200,103753
gadis314,gadis,"Paroses magguru materu terru pole Taurat sibawa Talmud wassele pengabdian lao ri Yudaisme iya naseng'e tau Yahudi de'na wedding tuwo na de'na gaga agamata, naekiya de'na pada na sadar'i iyae passaleng'e secara jelas lettu'na wettu perang salib, wettunna pada alena malewe dipakkasiwi untu mappile antara atuo-tuongenna sibawa teppe'na.",paragraph_201,25013
